﻿{"data":[{"Properties":{"domain":"INLANEFREIGHT.LOCAL","name":"DEFAULT DOMAIN POLICY@INLANEFREIGHT.LOCAL","distinguishedname":"CN={31B2F340-016D-11D2-945F-00C04FB984F9},CN=POLICIES,CN=SYSTEM,DC=INLANEFREIGHT,DC=LOCAL","domainsid":"S-1-5-21-3327542485-274640656-2609762496","highvalue":false,"description":null,"whencreated":1648806238,"gpcpath":"\\\\INLANEFREIGHT.LOCAL\\SYSVOL\\INLANEFREIGHT.LOCAL\\POLICIES\\{31B2F340-016D-11D2-945F-00C04FB984F9}"},"Aces":[{"PrincipalSID":"S-1-5-21-3327542485-274640656-2609762496-512","PrincipalType":"Group","RightName":"Owns","IsInherited":false},{"PrincipalSID":"S-1-5-21-3327542485-274640656-2609762496-512","PrincipalType":"Group","RightName":"WriteDacl","IsInherited":false},{"PrincipalSID":"S-1-5-21-3327542485-274640656-2609762496-512","PrincipalType":"Group","RightName":"WriteOwner","IsInherited":false},{"PrincipalSID":"S-1-5-21-3327542485-274640656-2609762496-512","PrincipalType":"Group","RightName":"GenericWrite","IsInherited":false},{"PrincipalSID":"S-1-5-21-3327542485-274640656-2609762496-512","PrincipalType":"Group","RightName":"WriteDacl","IsInherited":false},{"PrincipalSID":"S-1-5-21-3327542485-274640656-2609762496-512","PrincipalType":"Group","RightName":"WriteOwner","IsInherited":false},{"PrincipalSID":"S-1-5-21-3327542485-274640656-2609762496-512","PrincipalType":"Group","RightName":"GenericWrite","IsInherited":false},{"PrincipalSID":"S-1-5-21-3327542485-274640656-2609762496-519","PrincipalType":"Group","RightName":"WriteDacl","IsInherited":false},{"PrincipalSID":"S-1-5-21-3327542485-274640656-2609762496-519","PrincipalType":"Group","RightName":"WriteOwner","IsInherited":false},{"PrincipalSID":"S-1-5-21-3327542485-274640656-2609762496-519","PrincipalType":"Group","RightName":"GenericWrite","IsInherited":false}],"ObjectIdentifier":"19743AB2-64DB-4B18-836C-CF77DE937C5A","IsDeleted":false,"IsACLProtected":true},{"Properties":{"domain":"INLANEFREIGHT.LOCAL","name":"DEFAULT DOMAIN CONTROLLERS POLICY@INLANEFREIGHT.LOCAL","distinguishedname":"CN={6AC1786C-016F-11D2-945F-00C04FB984F9},CN=POLICIES,CN=SYSTEM,DC=INLANEFREIGHT,DC=LOCAL","domainsid":"S-1-5-21-3327542485-274640656-2609762496","highvalue":false,"description":null,"whencreated":1648806238,"gpcpath":"\\\\INLANEFREIGHT.LOCAL\\SYSVOL\\INLANEFREIGHT.LOCAL\\POLICIES\\{6AC1786C-016F-11D2-945F-00C04FB984F9}"},"Aces":[{"PrincipalSID":"S-1-5-21-3327542485-274640656-2609762496-512","PrincipalType":"Group","RightName":"Owns","IsInherited":false},{"PrincipalSID":"S-1-5-21-3327542485-274640656-2609762496-512","PrincipalType":"Group","RightName":"WriteDacl","IsInherited":false},{"PrincipalSID":"S-1-5-21-3327542485-274640656-2609762496-512","PrincipalType":"Group","RightName":"WriteOwner","IsInherited":false},{"PrincipalSID":"S-1-5-21-3327542485-274640656-2609762496-512","PrincipalType":"Group","RightName":"GenericWrite","IsInherited":false},{"PrincipalSID":"S-1-5-21-3327542485-274640656-2609762496-512","PrincipalType":"Group","RightName":"WriteDacl","IsInherited":false},{"PrincipalSID":"S-1-5-21-3327542485-274640656-2609762496-512","PrincipalType":"Group","RightName":"WriteOwner","IsInherited":false},{"PrincipalSID":"S-1-5-21-3327542485-274640656-2609762496-512","PrincipalType":"Group","RightName":"GenericWrite","IsInherited":false},{"PrincipalSID":"S-1-5-21-3327542485-274640656-2609762496-519","PrincipalType":"Group","RightName":"WriteDacl","IsInherited":false},{"PrincipalSID":"S-1-5-21-3327542485-274640656-2609762496-519","PrincipalType":"Group","RightName":"WriteOwner","IsInherited":false},{"PrincipalSID":"S-1-5-21-3327542485-274640656-2609762496-519","PrincipalType":"Group","RightName":"GenericWrite","IsInherited":false}],"ObjectIdentifier":"C056E438-8139-4926-809A-B11C9ADC2407","IsDeleted":false,"IsACLProtected":true}],"meta":{"methods":29675,"type":"gpos","count":2,"version":5}}