﻿{"data":[{"GPOChanges":{"LocalAdmins":[],"RemoteDesktopUsers":[],"DcomUsers":[],"PSRemoteUsers":[],"AffectedComputers":[]},"Properties":{"domain":"INLANEFREIGHT.LOCAL","name":"INLANEFREIGHT.LOCAL","distinguishedname":"DC=INLANEFREIGHT,DC=LOCAL","domainsid":"S-1-5-21-3327542485-274640656-2609762496","highvalue":true,"description":null,"whencreated":1648806229,"functionallevel":"2016"},"ChildObjects":[{"ObjectIdentifier":"C8D5A531-EC5C-4838-8C59-0A38E7DDBD6A","ObjectType":"Container"},{"ObjectIdentifier":"EB17681B-5484-4E46-8EC4-F5E67E6FC6DB","ObjectType":"OU"},{"ObjectIdentifier":"6BA4F9BB-00CB-4548-9292-4444F6FEAA7D","ObjectType":"OU"},{"ObjectIdentifier":"A4FA8774-D65E-4565-BAFF-2BEE6810FAF5","ObjectType":"Container"},{"ObjectIdentifier":"AB5231FE-A467-4DFB-AD67-5DC256D7B699","ObjectType":"Container"},{"ObjectIdentifier":"AADC1F1A-C534-4080-BFBC-F1E05D5F6B02","ObjectType":"Container"}],"Trusts":[],"Links":[{"IsEnforced":false,"GUID":"19743AB2-64DB-4B18-836C-CF77DE937C5A"}],"Aces":[{"PrincipalSID":"INLANEFREIGHT.LOCAL-S-1-5-32-544","PrincipalType":"Group","RightName":"Owns","IsInherited":false},{"PrincipalSID":"INLANEFREIGHT.LOCAL-S-1-5-32-544","PrincipalType":"Group","RightName":"WriteDacl","IsInherited":false},{"PrincipalSID":"INLANEFREIGHT.LOCAL-S-1-5-32-544","PrincipalType":"Group","RightName":"WriteOwner","IsInherited":false},{"PrincipalSID":"INLANEFREIGHT.LOCAL-S-1-5-32-544","PrincipalType":"Group","RightName":"AllExtendedRights","IsInherited":false},{"PrincipalSID":"S-1-5-21-3327542485-274640656-2609762496-512","PrincipalType":"Group","RightName":"WriteDacl","IsInherited":false},{"PrincipalSID":"S-1-5-21-3327542485-274640656-2609762496-512","PrincipalType":"Group","RightName":"WriteOwner","IsInherited":false},{"PrincipalSID":"S-1-5-21-3327542485-274640656-2609762496-512","PrincipalType":"Group","RightName":"AllExtendedRights","IsInherited":false},{"PrincipalSID":"S-1-5-21-3327542485-274640656-2609762496-519","PrincipalType":"Group","RightName":"GenericAll","IsInherited":false},{"PrincipalSID":"INLANEFREIGHT.LOCAL-S-1-5-9","PrincipalType":"Group","RightName":"GetChanges","IsInherited":false},{"PrincipalSID":"INLANEFREIGHT.LOCAL-S-1-5-9","PrincipalType":"Group","RightName":"GetChangesInFilteredSet","IsInherited":false},{"PrincipalSID":"INLANEFREIGHT.LOCAL-S-1-5-32-544","PrincipalType":"Group","RightName":"GetChangesAll","IsInherited":false},{"PrincipalSID":"INLANEFREIGHT.LOCAL-S-1-5-32-544","PrincipalType":"Group","RightName":"GetChanges","IsInherited":false},{"PrincipalSID":"INLANEFREIGHT.LOCAL-S-1-5-32-544","PrincipalType":"Group","RightName":"GetChangesInFilteredSet","IsInherited":false},{"PrincipalSID":"S-1-5-21-3327542485-274640656-2609762496-498","PrincipalType":"Group","RightName":"GetChanges","IsInherited":false},{"PrincipalSID":"S-1-5-21-3327542485-274640656-2609762496-516","PrincipalType":"Group","RightName":"GetChangesAll","IsInherited":false}],"ObjectIdentifier":"S-1-5-21-3327542485-274640656-2609762496","IsDeleted":false,"IsACLProtected":false}],"meta":{"methods":29675,"type":"domains","count":1,"version":5}}