﻿{"data":[{"Properties":{"domain":"INLANEFREIGHT.LOCAL","name":"POLICYTYPE@INLANEFREIGHT.LOCAL","distinguishedname":"CN=POLICYTYPE,CN=WMIPOLICY,CN=SYSTEM,DC=INLANEFREIGHT,DC=LOCAL","domainsid":"S-1-5-21-3327542485-274640656-2609762496","highvalue":false},"ChildObjects":[],"Aces":[{"PrincipalSID":"S-1-5-21-3327542485-274640656-2609762496-512","PrincipalType":"Group","RightName":"Owns","IsInherited":false},{"PrincipalSID":"S-1-5-21-3327542485-274640656-2609762496-512","PrincipalType":"Group","RightName":"WriteDacl","IsInherited":false},{"PrincipalSID":"S-1-5-21-3327542485-274640656-2609762496-512","PrincipalType":"Group","RightName":"WriteOwner","IsInherited":false},{"PrincipalSID":"S-1-5-21-3327542485-274640656-2609762496-519","PrincipalType":"Group","RightName":"GenericAll","IsInherited":true},{"PrincipalSID":"S-1-5-21-3327542485-274640656-2609762496-512","PrincipalType":"Group","RightName":"GenericAll","IsInherited":true}],"ObjectIdentifier":"2392E59E-1339-4BBA-B1D5-4F12A333FAC6","IsDeleted":false,"IsACLProtected":false},{"Properties":{"domain":"INLANEFREIGHT.LOCAL","name":"WMIPOLICY@INLANEFREIGHT.LOCAL","distinguishedname":"CN=WMIPOLICY,CN=SYSTEM,DC=INLANEFREIGHT,DC=LOCAL","domainsid":"S-1-5-21-3327542485-274640656-2609762496","highvalue":false},"ChildObjects":[],"Aces":[{"PrincipalSID":"S-1-5-21-3327542485-274640656-2609762496-512","PrincipalType":"Group","RightName":"Owns","IsInherited":false},{"PrincipalSID":"S-1-5-21-3327542485-274640656-2609762496-512","PrincipalType":"Group","RightName":"GenericAll","IsInherited":false},{"PrincipalSID":"S-1-5-21-3327542485-274640656-2609762496-519","PrincipalType":"Group","RightName":"GenericAll","IsInherited":false}],"ObjectIdentifier":"3BB96259-DC18-4E07-8276-C7A6DF9A066B","IsDeleted":false,"IsACLProtected":true},{"Properties":{"domain":"INLANEFREIGHT.LOCAL","name":"POLICYTEMPLATE@INLANEFREIGHT.LOCAL","distinguishedname":"CN=POLICYTEMPLATE,CN=WMIPOLICY,CN=SYSTEM,DC=INLANEFREIGHT,DC=LOCAL","domainsid":"S-1-5-21-3327542485-274640656-2609762496","highvalue":false},"ChildObjects":[],"Aces":[{"PrincipalSID":"S-1-5-21-3327542485-274640656-2609762496-512","PrincipalType":"Group","RightName":"Owns","IsInherited":false},{"PrincipalSID":"S-1-5-21-3327542485-274640656-2609762496-512","PrincipalType":"Group","RightName":"WriteDacl","IsInherited":false},{"PrincipalSID":"S-1-5-21-3327542485-274640656-2609762496-512","PrincipalType":"Group","RightName":"WriteOwner","IsInherited":false},{"PrincipalSID":"S-1-5-21-3327542485-274640656-2609762496-519","PrincipalType":"Group","RightName":"GenericAll","IsInherited":true},{"PrincipalSID":"S-1-5-21-3327542485-274640656-2609762496-512","PrincipalType":"Group","RightName":"GenericAll","IsInherited":true}],"ObjectIdentifier":"419DFC08-294D-49F0-9C17-701F374736EF","IsDeleted":false,"IsACLProtected":false},{"Properties":{"domain":"INLANEFREIGHT.LOCAL","name":"WMIGPO@INLANEFREIGHT.LOCAL","distinguishedname":"CN=WMIGPO,CN=WMIPOLICY,CN=SYSTEM,DC=INLANEFREIGHT,DC=LOCAL","domainsid":"S-1-5-21-3327542485-274640656-2609762496","highvalue":false},"ChildObjects":[],"Aces":[{"PrincipalSID":"S-1-5-21-3327542485-274640656-2609762496-512","PrincipalType":"Group","RightName":"Owns","IsInherited":false},{"PrincipalSID":"S-1-5-21-3327542485-274640656-2609762496-512","PrincipalType":"Group","RightName":"WriteDacl","IsInherited":false},{"PrincipalSID":"S-1-5-21-3327542485-274640656-2609762496-512","PrincipalType":"Group","RightName":"WriteOwner","IsInherited":false},{"PrincipalSID":"S-1-5-21-3327542485-274640656-2609762496-519","PrincipalType":"Group","RightName":"GenericAll","IsInherited":true},{"PrincipalSID":"S-1-5-21-3327542485-274640656-2609762496-512","PrincipalType":"Group","RightName":"GenericAll","IsInherited":true}],"ObjectIdentifier":"3754D20A-952C-450F-9287-33B62E92DF06","IsDeleted":false,"IsACLProtected":false},{"Properties":{"domain":"INLANEFREIGHT.LOCAL","name":"SOM@INLANEFREIGHT.LOCAL","distinguishedname":"CN=SOM,CN=WMIPOLICY,CN=SYSTEM,DC=INLANEFREIGHT,DC=LOCAL","domainsid":"S-1-5-21-3327542485-274640656-2609762496","highvalue":false},"ChildObjects":[],"Aces":[{"PrincipalSID":"S-1-5-21-3327542485-274640656-2609762496-512","PrincipalType":"Group","RightName":"Owns","IsInherited":false},{"PrincipalSID":"S-1-5-21-3327542485-274640656-2609762496-512","PrincipalType":"Group","RightName":"GenericAll","IsInherited":false},{"PrincipalSID":"S-1-5-21-3327542485-274640656-2609762496-519","PrincipalType":"Group","RightName":"GenericAll","IsInherited":false}],"ObjectIdentifier":"39ACC078-ED67-4D5D-A65F-6438D6B5E328","IsDeleted":false,"IsACLProtected":true},{"Properties":{"domain":"INLANEFREIGHT.LOCAL","name":"PROGRAM DATA@INLANEFREIGHT.LOCAL","distinguishedname":"CN=PROGRAM DATA,DC=INLANEFREIGHT,DC=LOCAL","domainsid":"S-1-5-21-3327542485-274640656-2609762496","highvalue":false},"ChildObjects":[],"Aces":[{"PrincipalSID":"S-1-5-21-3327542485-274640656-2609762496-512","PrincipalType":"Group","RightName":"Owns","IsInherited":false},{"PrincipalSID":"S-1-5-21-3327542485-274640656-2609762496-512","PrincipalType":"Group","RightName":"GenericAll","IsInherited":false},{"PrincipalSID":"S-1-5-21-3327542485-274640656-2609762496-519","PrincipalType":"Group","RightName":"GenericAll","IsInherited":true},{"PrincipalSID":"INLANEFREIGHT.LOCAL-S-1-5-32-544","PrincipalType":"Group","RightName":"WriteDacl","IsInherited":true},{"PrincipalSID":"INLANEFREIGHT.LOCAL-S-1-5-32-544","PrincipalType":"Group","RightName":"WriteOwner","IsInherited":true}],"ObjectIdentifier":"AAD82FB0-B377-42CD-84C4-872FCF9E998C","IsDeleted":false,"IsACLProtected":false},{"Properties":{"domain":"INLANEFREIGHT.LOCAL","name":"MEETINGS@INLANEFREIGHT.LOCAL","distinguishedname":"CN=MEETINGS,CN=SYSTEM,DC=INLANEFREIGHT,DC=LOCAL","domainsid":"S-1-5-21-3327542485-274640656-2609762496","highvalue":false},"ChildObjects":[],"Aces":[{"PrincipalSID":"S-1-5-21-3327542485-274640656-2609762496-512","PrincipalType":"Group","RightName":"Owns","IsInherited":false},{"PrincipalSID":"S-1-5-21-3327542485-274640656-2609762496-512","PrincipalType":"Group","RightName":"WriteDacl","IsInherited":false},{"PrincipalSID":"S-1-5-21-3327542485-274640656-2609762496-512","PrincipalType":"Group","RightName":"WriteOwner","IsInherited":false},{"PrincipalSID":"S-1-5-21-3327542485-274640656-2609762496-519","PrincipalType":"Group","RightName":"GenericAll","IsInherited":true},{"PrincipalSID":"INLANEFREIGHT.LOCAL-S-1-5-32-544","PrincipalType":"Group","RightName":"WriteDacl","IsInherited":true},{"PrincipalSID":"INLANEFREIGHT.LOCAL-S-1-5-32-544","PrincipalType":"Group","RightName":"WriteOwner","IsInherited":true}],"ObjectIdentifier":"EE4D5DD0-9F9F-4357-AE27-9320ADF15BDC","IsDeleted":false,"IsACLProtected":false},{"Properties":{"domain":"INLANEFREIGHT.LOCAL","name":"RPCSERVICES@INLANEFREIGHT.LOCAL","distinguishedname":"CN=RPCSERVICES,CN=SYSTEM,DC=INLANEFREIGHT,DC=LOCAL","domainsid":"S-1-5-21-3327542485-274640656-2609762496","highvalue":false},"ChildObjects":[],"Aces":[{"PrincipalSID":"S-1-5-21-3327542485-274640656-2609762496-512","PrincipalType":"Group","RightName":"Owns","IsInherited":false},{"PrincipalSID":"S-1-5-21-3327542485-274640656-2609762496-512","PrincipalType":"Group","RightName":"WriteDacl","IsInherited":false},{"PrincipalSID":"S-1-5-21-3327542485-274640656-2609762496-512","PrincipalType":"Group","RightName":"WriteOwner","IsInherited":false},{"PrincipalSID":"S-1-5-21-3327542485-274640656-2609762496-519","PrincipalType":"Group","RightName":"GenericAll","IsInherited":true},{"PrincipalSID":"INLANEFREIGHT.LOCAL-S-1-5-32-544","PrincipalType":"Group","RightName":"WriteDacl","IsInherited":true},{"PrincipalSID":"INLANEFREIGHT.LOCAL-S-1-5-32-544","PrincipalType":"Group","RightName":"WriteOwner","IsInherited":true}],"ObjectIdentifier":"3B1DC033-11BF-4AED-A973-9B2EE3000419","IsDeleted":false,"IsACLProtected":false},{"Properties":{"domain":"INLANEFREIGHT.LOCAL","name":"PSPS@INLANEFREIGHT.LOCAL","distinguishedname":"CN=PSPS,CN=SYSTEM,DC=INLANEFREIGHT,DC=LOCAL","domainsid":"S-1-5-21-3327542485-274640656-2609762496","highvalue":false},"ChildObjects":[],"Aces":[{"PrincipalSID":"S-1-5-21-3327542485-274640656-2609762496-512","PrincipalType":"Group","RightName":"Owns","IsInherited":false},{"PrincipalSID":"S-1-5-21-3327542485-274640656-2609762496-512","PrincipalType":"Group","RightName":"GenericAll","IsInherited":false},{"PrincipalSID":"S-1-5-21-3327542485-274640656-2609762496-519","PrincipalType":"Group","RightName":"GenericAll","IsInherited":true},{"PrincipalSID":"INLANEFREIGHT.LOCAL-S-1-5-32-544","PrincipalType":"Group","RightName":"WriteDacl","IsInherited":true},{"PrincipalSID":"INLANEFREIGHT.LOCAL-S-1-5-32-544","PrincipalType":"Group","RightName":"WriteOwner","IsInherited":true}],"ObjectIdentifier":"BF1A4F78-270A-4EFB-BE5D-48960E959CD3","IsDeleted":false,"IsACLProtected":false},{"Properties":{"domain":"INLANEFREIGHT.LOCAL","name":"POLICIES@INLANEFREIGHT.LOCAL","distinguishedname":"CN=POLICIES,CN=SYSTEM,DC=INLANEFREIGHT,DC=LOCAL","domainsid":"S-1-5-21-3327542485-274640656-2609762496","highvalue":false},"ChildObjects":[],"Aces":[{"PrincipalSID":"S-1-5-21-3327542485-274640656-2609762496-512","PrincipalType":"Group","RightName":"Owns","IsInherited":false},{"PrincipalSID":"S-1-5-21-3327542485-274640656-2609762496-512","PrincipalType":"Group","RightName":"WriteDacl","IsInherited":false},{"PrincipalSID":"S-1-5-21-3327542485-274640656-2609762496-512","PrincipalType":"Group","RightName":"WriteOwner","IsInherited":false},{"PrincipalSID":"S-1-5-21-3327542485-274640656-2609762496-519","PrincipalType":"Group","RightName":"GenericAll","IsInherited":true},{"PrincipalSID":"INLANEFREIGHT.LOCAL-S-1-5-32-544","PrincipalType":"Group","RightName":"WriteDacl","IsInherited":true},{"PrincipalSID":"INLANEFREIGHT.LOCAL-S-1-5-32-544","PrincipalType":"Group","RightName":"WriteOwner","IsInherited":true}],"ObjectIdentifier":"DC30268E-3DB2-4F8F-9044-B1FA36D11A2A","IsDeleted":false,"IsACLProtected":false},{"Properties":{"domain":"INLANEFREIGHT.LOCAL","name":"SYSTEM@INLANEFREIGHT.LOCAL","distinguishedname":"CN=SYSTEM,DC=INLANEFREIGHT,DC=LOCAL","domainsid":"S-1-5-21-3327542485-274640656-2609762496","highvalue":false},"ChildObjects":[],"Aces":[{"PrincipalSID":"S-1-5-21-3327542485-274640656-2609762496-512","PrincipalType":"Group","RightName":"Owns","IsInherited":false},{"PrincipalSID":"S-1-5-21-3327542485-274640656-2609762496-512","PrincipalType":"Group","RightName":"WriteDacl","IsInherited":false},{"PrincipalSID":"S-1-5-21-3327542485-274640656-2609762496-512","PrincipalType":"Group","RightName":"WriteOwner","IsInherited":false},{"PrincipalSID":"S-1-5-21-3327542485-274640656-2609762496-519","PrincipalType":"Group","RightName":"GenericAll","IsInherited":true},{"PrincipalSID":"INLANEFREIGHT.LOCAL-S-1-5-32-544","PrincipalType":"Group","RightName":"WriteDacl","IsInherited":true},{"PrincipalSID":"INLANEFREIGHT.LOCAL-S-1-5-32-544","PrincipalType":"Group","RightName":"WriteOwner","IsInherited":true}],"ObjectIdentifier":"C9C85A03-DCC3-4F9E-AA3E-2B1380E9108C","IsDeleted":false,"IsACLProtected":false},{"Properties":{"domain":"INLANEFREIGHT.LOCAL","name":"FOREIGNSECURITYPRINCIPALS@INLANEFREIGHT.LOCAL","distinguishedname":"CN=FOREIGNSECURITYPRINCIPALS,DC=INLANEFREIGHT,DC=LOCAL","domainsid":"S-1-5-21-3327542485-274640656-2609762496","highvalue":false},"ChildObjects":[],"Aces":[{"PrincipalSID":"S-1-5-21-3327542485-274640656-2609762496-512","PrincipalType":"Group","RightName":"Owns","IsInherited":false},{"PrincipalSID":"S-1-5-21-3327542485-274640656-2609762496-512","PrincipalType":"Group","RightName":"GenericAll","IsInherited":false},{"PrincipalSID":"S-1-5-21-3327542485-274640656-2609762496-519","PrincipalType":"Group","RightName":"GenericAll","IsInherited":true},{"PrincipalSID":"INLANEFREIGHT.LOCAL-S-1-5-32-544","PrincipalType":"Group","RightName":"WriteDacl","IsInherited":true},{"PrincipalSID":"INLANEFREIGHT.LOCAL-S-1-5-32-544","PrincipalType":"Group","RightName":"WriteOwner","IsInherited":true}],"ObjectIdentifier":"A4FA8774-D65E-4565-BAFF-2BEE6810FAF5","IsDeleted":false,"IsACLProtected":false},{"Properties":{"domain":"INLANEFREIGHT.LOCAL","name":"COMPARTITIONSETS@INLANEFREIGHT.LOCAL","distinguishedname":"CN=COMPARTITIONSETS,CN=SYSTEM,DC=INLANEFREIGHT,DC=LOCAL","domainsid":"S-1-5-21-3327542485-274640656-2609762496","highvalue":false},"ChildObjects":[],"Aces":[{"PrincipalSID":"S-1-5-21-3327542485-274640656-2609762496-512","PrincipalType":"Group","RightName":"Owns","IsInherited":false},{"PrincipalSID":"S-1-5-21-3327542485-274640656-2609762496-512","PrincipalType":"Group","RightName":"WriteDacl","IsInherited":false},{"PrincipalSID":"S-1-5-21-3327542485-274640656-2609762496-512","PrincipalType":"Group","RightName":"WriteOwner","IsInherited":false},{"PrincipalSID":"S-1-5-21-3327542485-274640656-2609762496-519","PrincipalType":"Group","RightName":"GenericAll","IsInherited":true},{"PrincipalSID":"INLANEFREIGHT.LOCAL-S-1-5-32-544","PrincipalType":"Group","RightName":"WriteDacl","IsInherited":true},{"PrincipalSID":"INLANEFREIGHT.LOCAL-S-1-5-32-544","PrincipalType":"Group","RightName":"WriteOwner","IsInherited":true}],"ObjectIdentifier":"93F89590-0DBD-4C1B-A5D2-97562EAFB214","IsDeleted":false,"IsACLProtected":false},{"Properties":{"domain":"INLANEFREIGHT.LOCAL","name":"WINSOCKSERVICES@INLANEFREIGHT.LOCAL","distinguishedname":"CN=WINSOCKSERVICES,CN=SYSTEM,DC=INLANEFREIGHT,DC=LOCAL","domainsid":"S-1-5-21-3327542485-274640656-2609762496","highvalue":false},"ChildObjects":[],"Aces":[{"PrincipalSID":"S-1-5-21-3327542485-274640656-2609762496-512","PrincipalType":"Group","RightName":"Owns","IsInherited":false},{"PrincipalSID":"S-1-5-21-3327542485-274640656-2609762496-512","PrincipalType":"Group","RightName":"WriteDacl","IsInherited":false},{"PrincipalSID":"S-1-5-21-3327542485-274640656-2609762496-512","PrincipalType":"Group","RightName":"WriteOwner","IsInherited":false},{"PrincipalSID":"S-1-5-21-3327542485-274640656-2609762496-519","PrincipalType":"Group","RightName":"GenericAll","IsInherited":true},{"PrincipalSID":"INLANEFREIGHT.LOCAL-S-1-5-32-544","PrincipalType":"Group","RightName":"WriteDacl","IsInherited":true},{"PrincipalSID":"INLANEFREIGHT.LOCAL-S-1-5-32-544","PrincipalType":"Group","RightName":"WriteOwner","IsInherited":true}],"ObjectIdentifier":"29D978B7-DD26-43C4-AC03-9FB55A59039C","IsDeleted":false,"IsACLProtected":false},{"Properties":{"domain":"INLANEFREIGHT.LOCAL","name":"MICROSOFT@INLANEFREIGHT.LOCAL","distinguishedname":"CN=MICROSOFT,CN=PROGRAM DATA,DC=INLANEFREIGHT,DC=LOCAL","domainsid":"S-1-5-21-3327542485-274640656-2609762496","highvalue":false},"ChildObjects":[],"Aces":[{"PrincipalSID":"S-1-5-21-3327542485-274640656-2609762496-512","PrincipalType":"Group","RightName":"Owns","IsInherited":false},{"PrincipalSID":"S-1-5-21-3327542485-274640656-2609762496-512","PrincipalType":"Group","RightName":"GenericAll","IsInherited":false},{"PrincipalSID":"S-1-5-21-3327542485-274640656-2609762496-519","PrincipalType":"Group","RightName":"GenericAll","IsInherited":true},{"PrincipalSID":"INLANEFREIGHT.LOCAL-S-1-5-32-544","PrincipalType":"Group","RightName":"WriteDacl","IsInherited":true},{"PrincipalSID":"INLANEFREIGHT.LOCAL-S-1-5-32-544","PrincipalType":"Group","RightName":"WriteOwner","IsInherited":true}],"ObjectIdentifier":"1517DC81-E6EB-4500-891E-2E48FD3A5ED8","IsDeleted":false,"IsACLProtected":false},{"Properties":{"domain":"INLANEFREIGHT.LOCAL","name":"MANAGED SERVICE ACCOUNTS@INLANEFREIGHT.LOCAL","distinguishedname":"CN=MANAGED SERVICE ACCOUNTS,DC=INLANEFREIGHT,DC=LOCAL","domainsid":"S-1-5-21-3327542485-274640656-2609762496","highvalue":false},"ChildObjects":[],"Aces":[{"PrincipalSID":"S-1-5-21-3327542485-274640656-2609762496-512","PrincipalType":"Group","RightName":"Owns","IsInherited":false},{"PrincipalSID":"S-1-5-21-3327542485-274640656-2609762496-512","PrincipalType":"Group","RightName":"WriteDacl","IsInherited":false},{"PrincipalSID":"S-1-5-21-3327542485-274640656-2609762496-512","PrincipalType":"Group","RightName":"WriteOwner","IsInherited":false},{"PrincipalSID":"S-1-5-21-3327542485-274640656-2609762496-519","PrincipalType":"Group","RightName":"GenericAll","IsInherited":true},{"PrincipalSID":"INLANEFREIGHT.LOCAL-S-1-5-32-544","PrincipalType":"Group","RightName":"WriteDacl","IsInherited":true},{"PrincipalSID":"INLANEFREIGHT.LOCAL-S-1-5-32-544","PrincipalType":"Group","RightName":"WriteOwner","IsInherited":true}],"ObjectIdentifier":"AB5231FE-A467-4DFB-AD67-5DC256D7B699","IsDeleted":false,"IsACLProtected":false},{"Properties":{"domain":"INLANEFREIGHT.LOCAL","name":"ADMINSDHOLDER@INLANEFREIGHT.LOCAL","distinguishedname":"CN=ADMINSDHOLDER,CN=SYSTEM,DC=INLANEFREIGHT,DC=LOCAL","domainsid":"S-1-5-21-3327542485-274640656-2609762496","highvalue":false},"ChildObjects":[],"Aces":[{"PrincipalSID":"S-1-5-21-3327542485-274640656-2609762496-512","PrincipalType":"Group","RightName":"Owns","IsInherited":false},{"PrincipalSID":"INLANEFREIGHT.LOCAL-S-1-5-32-544","PrincipalType":"Group","RightName":"WriteDacl","IsInherited":false},{"PrincipalSID":"INLANEFREIGHT.LOCAL-S-1-5-32-544","PrincipalType":"Group","RightName":"WriteOwner","IsInherited":false},{"PrincipalSID":"S-1-5-21-3327542485-274640656-2609762496-512","PrincipalType":"Group","RightName":"WriteDacl","IsInherited":false},{"PrincipalSID":"S-1-5-21-3327542485-274640656-2609762496-512","PrincipalType":"Group","RightName":"WriteOwner","IsInherited":false},{"PrincipalSID":"S-1-5-21-3327542485-274640656-2609762496-519","PrincipalType":"Group","RightName":"WriteDacl","IsInherited":false},{"PrincipalSID":"S-1-5-21-3327542485-274640656-2609762496-519","PrincipalType":"Group","RightName":"WriteOwner","IsInherited":false},{"PrincipalSID":"S-1-5-21-3327542485-274640656-2609762496-4611","PrincipalType":"User","RightName":"GenericAll","IsInherited":false}],"ObjectIdentifier":"BEF5450D-45A1-4BD5-BD0E-715AC0FC78F1","IsDeleted":false,"IsACLProtected":true},{"Properties":{"domain":"INLANEFREIGHT.LOCAL","name":"COMPARTITIONS@INLANEFREIGHT.LOCAL","distinguishedname":"CN=COMPARTITIONS,CN=SYSTEM,DC=INLANEFREIGHT,DC=LOCAL","domainsid":"S-1-5-21-3327542485-274640656-2609762496","highvalue":false},"ChildObjects":[],"Aces":[{"PrincipalSID":"S-1-5-21-3327542485-274640656-2609762496-512","PrincipalType":"Group","RightName":"Owns","IsInherited":false},{"PrincipalSID":"S-1-5-21-3327542485-274640656-2609762496-512","PrincipalType":"Group","RightName":"WriteDacl","IsInherited":false},{"PrincipalSID":"S-1-5-21-3327542485-274640656-2609762496-512","PrincipalType":"Group","RightName":"WriteOwner","IsInherited":false},{"PrincipalSID":"S-1-5-21-3327542485-274640656-2609762496-519","PrincipalType":"Group","RightName":"GenericAll","IsInherited":true},{"PrincipalSID":"INLANEFREIGHT.LOCAL-S-1-5-32-544","PrincipalType":"Group","RightName":"WriteDacl","IsInherited":true},{"PrincipalSID":"INLANEFREIGHT.LOCAL-S-1-5-32-544","PrincipalType":"Group","RightName":"WriteOwner","IsInherited":true}],"ObjectIdentifier":"6615A166-CCA1-4D7F-BDCA-F6DCD8403F2B","IsDeleted":false,"IsACLProtected":false},{"Properties":{"domain":"INLANEFREIGHT.LOCAL","name":"RAS AND IAS SERVERS ACCESS CHECK@INLANEFREIGHT.LOCAL","distinguishedname":"CN=RAS AND IAS SERVERS ACCESS CHECK,CN=SYSTEM,DC=INLANEFREIGHT,DC=LOCAL","domainsid":"S-1-5-21-3327542485-274640656-2609762496","highvalue":false},"ChildObjects":[],"Aces":[{"PrincipalSID":"S-1-5-21-3327542485-274640656-2609762496-512","PrincipalType":"Group","RightName":"Owns","IsInherited":false},{"PrincipalSID":"S-1-5-21-3327542485-274640656-2609762496-553","PrincipalType":"Group","RightName":"WriteDacl","IsInherited":false},{"PrincipalSID":"S-1-5-21-3327542485-274640656-2609762496-553","PrincipalType":"Group","RightName":"WriteOwner","IsInherited":false},{"PrincipalSID":"S-1-5-21-3327542485-274640656-2609762496-519","PrincipalType":"Group","RightName":"GenericAll","IsInherited":true},{"PrincipalSID":"INLANEFREIGHT.LOCAL-S-1-5-32-544","PrincipalType":"Group","RightName":"WriteDacl","IsInherited":true},{"PrincipalSID":"INLANEFREIGHT.LOCAL-S-1-5-32-544","PrincipalType":"Group","RightName":"WriteOwner","IsInherited":true}],"ObjectIdentifier":"8F99DDFC-B585-4882-9CD9-6B72668D1ACD","IsDeleted":false,"IsACLProtected":false},{"Properties":{"domain":"INLANEFREIGHT.LOCAL","name":"USERS@INLANEFREIGHT.LOCAL","distinguishedname":"CN=USERS,DC=INLANEFREIGHT,DC=LOCAL","domainsid":"S-1-5-21-3327542485-274640656-2609762496","highvalue":false},"ChildObjects":[{"ObjectIdentifier":"S-1-5-21-3327542485-274640656-2609762496-4610","ObjectType":"User"},{"ObjectIdentifier":"S-1-5-21-3327542485-274640656-2609762496-500","ObjectType":"User"},{"ObjectIdentifier":"S-1-5-21-3327542485-274640656-2609762496-571","ObjectType":"Group"},{"ObjectIdentifier":"S-1-5-21-3327542485-274640656-2609762496-4612","ObjectType":"User"},{"ObjectIdentifier":"S-1-5-21-3327542485-274640656-2609762496-517","ObjectType":"Group"},{"ObjectIdentifier":"S-1-5-21-3327542485-274640656-2609762496-522","ObjectType":"Group"},{"ObjectIdentifier":"S-1-5-21-3327542485-274640656-2609762496-4611","ObjectType":"User"},{"ObjectIdentifier":"S-1-5-21-3327542485-274640656-2609762496-572","ObjectType":"Group"},{"ObjectIdentifier":"S-1-5-21-3327542485-274640656-2609762496-1101","ObjectType":"Group"},{"ObjectIdentifier":"S-1-5-21-3327542485-274640656-2609762496-1102","ObjectType":"Group"},{"ObjectIdentifier":"S-1-5-21-3327542485-274640656-2609762496-512","ObjectType":"Group"},{"ObjectIdentifier":"S-1-5-21-3327542485-274640656-2609762496-515","ObjectType":"Group"},{"ObjectIdentifier":"S-1-5-21-3327542485-274640656-2609762496-516","ObjectType":"Group"},{"ObjectIdentifier":"S-1-5-21-3327542485-274640656-2609762496-514","ObjectType":"Group"},{"ObjectIdentifier":"S-1-5-21-3327542485-274640656-2609762496-513","ObjectType":"Group"},{"ObjectIdentifier":"S-1-5-21-3327542485-274640656-2609762496-519","ObjectType":"Group"},{"ObjectIdentifier":"S-1-5-21-3327542485-274640656-2609762496-527","ObjectType":"Group"},{"ObjectIdentifier":"S-1-5-21-3327542485-274640656-2609762496-498","ObjectType":"Group"},{"ObjectIdentifier":"S-1-5-21-3327542485-274640656-2609762496-520","ObjectType":"Group"},{"ObjectIdentifier":"S-1-5-21-3327542485-274640656-2609762496-501","ObjectType":"User"},{"ObjectIdentifier":"S-1-5-21-3327542485-274640656-2609762496-526","ObjectType":"Group"},{"ObjectIdentifier":"S-1-5-21-3327542485-274640656-2609762496-502","ObjectType":"User"},{"ObjectIdentifier":"S-1-5-21-3327542485-274640656-2609762496-4613","ObjectType":"User"},{"ObjectIdentifier":"S-1-5-21-3327542485-274640656-2609762496-525","ObjectType":"Group"},{"ObjectIdentifier":"S-1-5-21-3327542485-274640656-2609762496-553","ObjectType":"Group"},{"ObjectIdentifier":"S-1-5-21-3327542485-274640656-2609762496-521","ObjectType":"Group"},{"ObjectIdentifier":"S-1-5-21-3327542485-274640656-2609762496-518","ObjectType":"Group"},{"ObjectIdentifier":"S-1-5-21-3327542485-274640656-2609762496-4609","ObjectType":"User"}],"Aces":[{"PrincipalSID":"S-1-5-21-3327542485-274640656-2609762496-512","PrincipalType":"Group","RightName":"Owns","IsInherited":false},{"PrincipalSID":"S-1-5-21-3327542485-274640656-2609762496-512","PrincipalType":"Group","RightName":"WriteDacl","IsInherited":false},{"PrincipalSID":"S-1-5-21-3327542485-274640656-2609762496-512","PrincipalType":"Group","RightName":"WriteOwner","IsInherited":false},{"PrincipalSID":"S-1-5-21-3327542485-274640656-2609762496-519","PrincipalType":"Group","RightName":"GenericAll","IsInherited":true},{"PrincipalSID":"INLANEFREIGHT.LOCAL-S-1-5-32-544","PrincipalType":"Group","RightName":"WriteDacl","IsInherited":true},{"PrincipalSID":"INLANEFREIGHT.LOCAL-S-1-5-32-544","PrincipalType":"Group","RightName":"WriteOwner","IsInherited":true}],"ObjectIdentifier":"AADC1F1A-C534-4080-BFBC-F1E05D5F6B02","IsDeleted":false,"IsACLProtected":false},{"Properties":{"domain":"INLANEFREIGHT.LOCAL","name":"COMPUTERS@INLANEFREIGHT.LOCAL","distinguishedname":"CN=COMPUTERS,DC=INLANEFREIGHT,DC=LOCAL","domainsid":"S-1-5-21-3327542485-274640656-2609762496","highvalue":false},"ChildObjects":[{"ObjectIdentifier":"S-1-5-21-3327542485-274640656-2609762496-1176","ObjectType":"Computer"},{"ObjectIdentifier":"S-1-5-21-3327542485-274640656-2609762496-1159","ObjectType":"Computer"},{"ObjectIdentifier":"S-1-5-21-3327542485-274640656-2609762496-1162","ObjectType":"Computer"},{"ObjectIdentifier":"S-1-5-21-3327542485-274640656-2609762496-1161","ObjectType":"Computer"},{"ObjectIdentifier":"S-1-5-21-3327542485-274640656-2609762496-1106","ObjectType":"Computer"},{"ObjectIdentifier":"S-1-5-21-3327542485-274640656-2609762496-1160","ObjectType":"Computer"},{"ObjectIdentifier":"S-1-5-21-3327542485-274640656-2609762496-1163","ObjectType":"Computer"},{"ObjectIdentifier":"S-1-5-21-3327542485-274640656-2609762496-1526","ObjectType":"Computer"},{"ObjectIdentifier":"S-1-5-21-3327542485-274640656-2609762496-1527","ObjectType":"Computer"},{"ObjectIdentifier":"S-1-5-21-3327542485-274640656-2609762496-1528","ObjectType":"Computer"},{"ObjectIdentifier":"S-1-5-21-3327542485-274640656-2609762496-1529","ObjectType":"Computer"},{"ObjectIdentifier":"S-1-5-21-3327542485-274640656-2609762496-1530","ObjectType":"Computer"},{"ObjectIdentifier":"S-1-5-21-3327542485-274640656-2609762496-1531","ObjectType":"Computer"},{"ObjectIdentifier":"S-1-5-21-3327542485-274640656-2609762496-1523","ObjectType":"Computer"},{"ObjectIdentifier":"S-1-5-21-3327542485-274640656-2609762496-1524","ObjectType":"Computer"},{"ObjectIdentifier":"S-1-5-21-3327542485-274640656-2609762496-1525","ObjectType":"Computer"},{"ObjectIdentifier":"S-1-5-21-3327542485-274640656-2609762496-1135","ObjectType":"Computer"},{"ObjectIdentifier":"S-1-5-21-3327542485-274640656-2609762496-1136","ObjectType":"Computer"},{"ObjectIdentifier":"S-1-5-21-3327542485-274640656-2609762496-1137","ObjectType":"Computer"},{"ObjectIdentifier":"S-1-5-21-3327542485-274640656-2609762496-1138","ObjectType":"Computer"},{"ObjectIdentifier":"S-1-5-21-3327542485-274640656-2609762496-1139","ObjectType":"Computer"},{"ObjectIdentifier":"S-1-5-21-3327542485-274640656-2609762496-1140","ObjectType":"Computer"},{"ObjectIdentifier":"S-1-5-21-3327542485-274640656-2609762496-1141","ObjectType":"Computer"},{"ObjectIdentifier":"S-1-5-21-3327542485-274640656-2609762496-1142","ObjectType":"Computer"},{"ObjectIdentifier":"S-1-5-21-3327542485-274640656-2609762496-1143","ObjectType":"Computer"},{"ObjectIdentifier":"S-1-5-21-3327542485-274640656-2609762496-1144","ObjectType":"Computer"},{"ObjectIdentifier":"S-1-5-21-3327542485-274640656-2609762496-1145","ObjectType":"Computer"},{"ObjectIdentifier":"S-1-5-21-3327542485-274640656-2609762496-1146","ObjectType":"Computer"},{"ObjectIdentifier":"S-1-5-21-3327542485-274640656-2609762496-1147","ObjectType":"Computer"},{"ObjectIdentifier":"S-1-5-21-3327542485-274640656-2609762496-1148","ObjectType":"Computer"},{"ObjectIdentifier":"S-1-5-21-3327542485-274640656-2609762496-1149","ObjectType":"Computer"},{"ObjectIdentifier":"S-1-5-21-3327542485-274640656-2609762496-1150","ObjectType":"Computer"},{"ObjectIdentifier":"S-1-5-21-3327542485-274640656-2609762496-1151","ObjectType":"Computer"},{"ObjectIdentifier":"S-1-5-21-3327542485-274640656-2609762496-1152","ObjectType":"Computer"},{"ObjectIdentifier":"S-1-5-21-3327542485-274640656-2609762496-1153","ObjectType":"Computer"},{"ObjectIdentifier":"S-1-5-21-3327542485-274640656-2609762496-1464","ObjectType":"Computer"},{"ObjectIdentifier":"S-1-5-21-3327542485-274640656-2609762496-1465","ObjectType":"Computer"},{"ObjectIdentifier":"S-1-5-21-3327542485-274640656-2609762496-1466","ObjectType":"Computer"},{"ObjectIdentifier":"S-1-5-21-3327542485-274640656-2609762496-1467","ObjectType":"Computer"},{"ObjectIdentifier":"S-1-5-21-3327542485-274640656-2609762496-1468","ObjectType":"Computer"},{"ObjectIdentifier":"S-1-5-21-3327542485-274640656-2609762496-1469","ObjectType":"Computer"},{"ObjectIdentifier":"S-1-5-21-3327542485-274640656-2609762496-1470","ObjectType":"Computer"},{"ObjectIdentifier":"S-1-5-21-3327542485-274640656-2609762496-1471","ObjectType":"Computer"},{"ObjectIdentifier":"S-1-5-21-3327542485-274640656-2609762496-1472","ObjectType":"Computer"},{"ObjectIdentifier":"S-1-5-21-3327542485-274640656-2609762496-1473","ObjectType":"Computer"},{"ObjectIdentifier":"S-1-5-21-3327542485-274640656-2609762496-1474","ObjectType":"Computer"},{"ObjectIdentifier":"S-1-5-21-3327542485-274640656-2609762496-1475","ObjectType":"Computer"},{"ObjectIdentifier":"S-1-5-21-3327542485-274640656-2609762496-1476","ObjectType":"Computer"},{"ObjectIdentifier":"S-1-5-21-3327542485-274640656-2609762496-1477","ObjectType":"Computer"},{"ObjectIdentifier":"S-1-5-21-3327542485-274640656-2609762496-1478","ObjectType":"Computer"},{"ObjectIdentifier":"S-1-5-21-3327542485-274640656-2609762496-1479","ObjectType":"Computer"},{"ObjectIdentifier":"S-1-5-21-3327542485-274640656-2609762496-1480","ObjectType":"Computer"},{"ObjectIdentifier":"S-1-5-21-3327542485-274640656-2609762496-1481","ObjectType":"Computer"},{"ObjectIdentifier":"S-1-5-21-3327542485-274640656-2609762496-1482","ObjectType":"Computer"},{"ObjectIdentifier":"S-1-5-21-3327542485-274640656-2609762496-1483","ObjectType":"Computer"},{"ObjectIdentifier":"S-1-5-21-3327542485-274640656-2609762496-1484","ObjectType":"Computer"},{"ObjectIdentifier":"S-1-5-21-3327542485-274640656-2609762496-1485","ObjectType":"Computer"},{"ObjectIdentifier":"S-1-5-21-3327542485-274640656-2609762496-1486","ObjectType":"Computer"},{"ObjectIdentifier":"S-1-5-21-3327542485-274640656-2609762496-1487","ObjectType":"Computer"},{"ObjectIdentifier":"S-1-5-21-3327542485-274640656-2609762496-1488","ObjectType":"Computer"},{"ObjectIdentifier":"S-1-5-21-3327542485-274640656-2609762496-1489","ObjectType":"Computer"},{"ObjectIdentifier":"S-1-5-21-3327542485-274640656-2609762496-1490","ObjectType":"Computer"},{"ObjectIdentifier":"S-1-5-21-3327542485-274640656-2609762496-1491","ObjectType":"Computer"},{"ObjectIdentifier":"S-1-5-21-3327542485-274640656-2609762496-1492","ObjectType":"Computer"},{"ObjectIdentifier":"S-1-5-21-3327542485-274640656-2609762496-1493","ObjectType":"Computer"},{"ObjectIdentifier":"S-1-5-21-3327542485-274640656-2609762496-1494","ObjectType":"Computer"},{"ObjectIdentifier":"S-1-5-21-3327542485-274640656-2609762496-1495","ObjectType":"Computer"},{"ObjectIdentifier":"S-1-5-21-3327542485-274640656-2609762496-1496","ObjectType":"Computer"},{"ObjectIdentifier":"S-1-5-21-3327542485-274640656-2609762496-1497","ObjectType":"Computer"},{"ObjectIdentifier":"S-1-5-21-3327542485-274640656-2609762496-1498","ObjectType":"Computer"},{"ObjectIdentifier":"S-1-5-21-3327542485-274640656-2609762496-1499","ObjectType":"Computer"},{"ObjectIdentifier":"S-1-5-21-3327542485-274640656-2609762496-1500","ObjectType":"Computer"},{"ObjectIdentifier":"S-1-5-21-3327542485-274640656-2609762496-1501","ObjectType":"Computer"},{"ObjectIdentifier":"S-1-5-21-3327542485-274640656-2609762496-1502","ObjectType":"Computer"},{"ObjectIdentifier":"S-1-5-21-3327542485-274640656-2609762496-1503","ObjectType":"Computer"},{"ObjectIdentifier":"S-1-5-21-3327542485-274640656-2609762496-1504","ObjectType":"Computer"},{"ObjectIdentifier":"S-1-5-21-3327542485-274640656-2609762496-1505","ObjectType":"Computer"},{"ObjectIdentifier":"S-1-5-21-3327542485-274640656-2609762496-1506","ObjectType":"Computer"},{"ObjectIdentifier":"S-1-5-21-3327542485-274640656-2609762496-1507","ObjectType":"Computer"},{"ObjectIdentifier":"S-1-5-21-3327542485-274640656-2609762496-1508","ObjectType":"Computer"},{"ObjectIdentifier":"S-1-5-21-3327542485-274640656-2609762496-1509","ObjectType":"Computer"},{"ObjectIdentifier":"S-1-5-21-3327542485-274640656-2609762496-1510","ObjectType":"Computer"},{"ObjectIdentifier":"S-1-5-21-3327542485-274640656-2609762496-1511","ObjectType":"Computer"},{"ObjectIdentifier":"S-1-5-21-3327542485-274640656-2609762496-1512","ObjectType":"Computer"},{"ObjectIdentifier":"S-1-5-21-3327542485-274640656-2609762496-1513","ObjectType":"Computer"},{"ObjectIdentifier":"S-1-5-21-3327542485-274640656-2609762496-1514","ObjectType":"Computer"},{"ObjectIdentifier":"S-1-5-21-3327542485-274640656-2609762496-1515","ObjectType":"Computer"},{"ObjectIdentifier":"S-1-5-21-3327542485-274640656-2609762496-1516","ObjectType":"Computer"},{"ObjectIdentifier":"S-1-5-21-3327542485-274640656-2609762496-1517","ObjectType":"Computer"},{"ObjectIdentifier":"S-1-5-21-3327542485-274640656-2609762496-1518","ObjectType":"Computer"},{"ObjectIdentifier":"S-1-5-21-3327542485-274640656-2609762496-1519","ObjectType":"Computer"},{"ObjectIdentifier":"S-1-5-21-3327542485-274640656-2609762496-1520","ObjectType":"Computer"},{"ObjectIdentifier":"S-1-5-21-3327542485-274640656-2609762496-1521","ObjectType":"Computer"},{"ObjectIdentifier":"S-1-5-21-3327542485-274640656-2609762496-1522","ObjectType":"Computer"},{"ObjectIdentifier":"S-1-5-21-3327542485-274640656-2609762496-1180","ObjectType":"Computer"},{"ObjectIdentifier":"S-1-5-21-3327542485-274640656-2609762496-1356","ObjectType":"Computer"},{"ObjectIdentifier":"S-1-5-21-3327542485-274640656-2609762496-1357","ObjectType":"Computer"},{"ObjectIdentifier":"S-1-5-21-3327542485-274640656-2609762496-1358","ObjectType":"Computer"},{"ObjectIdentifier":"S-1-5-21-3327542485-274640656-2609762496-1359","ObjectType":"Computer"},{"ObjectIdentifier":"S-1-5-21-3327542485-274640656-2609762496-1360","ObjectType":"Computer"},{"ObjectIdentifier":"S-1-5-21-3327542485-274640656-2609762496-1361","ObjectType":"Computer"},{"ObjectIdentifier":"S-1-5-21-3327542485-274640656-2609762496-1362","ObjectType":"Computer"},{"ObjectIdentifier":"S-1-5-21-3327542485-274640656-2609762496-1363","ObjectType":"Computer"},{"ObjectIdentifier":"S-1-5-21-3327542485-274640656-2609762496-1364","ObjectType":"Computer"},{"ObjectIdentifier":"S-1-5-21-3327542485-274640656-2609762496-1365","ObjectType":"Computer"},{"ObjectIdentifier":"S-1-5-21-3327542485-274640656-2609762496-1366","ObjectType":"Computer"},{"ObjectIdentifier":"S-1-5-21-3327542485-274640656-2609762496-1367","ObjectType":"Computer"},{"ObjectIdentifier":"S-1-5-21-3327542485-274640656-2609762496-1368","ObjectType":"Computer"},{"ObjectIdentifier":"S-1-5-21-3327542485-274640656-2609762496-1369","ObjectType":"Computer"},{"ObjectIdentifier":"S-1-5-21-3327542485-274640656-2609762496-1370","ObjectType":"Computer"},{"ObjectIdentifier":"S-1-5-21-3327542485-274640656-2609762496-1371","ObjectType":"Computer"},{"ObjectIdentifier":"S-1-5-21-3327542485-274640656-2609762496-1372","ObjectType":"Computer"},{"ObjectIdentifier":"S-1-5-21-3327542485-274640656-2609762496-1373","ObjectType":"Computer"},{"ObjectIdentifier":"S-1-5-21-3327542485-274640656-2609762496-1374","ObjectType":"Computer"},{"ObjectIdentifier":"S-1-5-21-3327542485-274640656-2609762496-1375","ObjectType":"Computer"},{"ObjectIdentifier":"S-1-5-21-3327542485-274640656-2609762496-1376","ObjectType":"Computer"},{"ObjectIdentifier":"S-1-5-21-3327542485-274640656-2609762496-1377","ObjectType":"Computer"},{"ObjectIdentifier":"S-1-5-21-3327542485-274640656-2609762496-1378","ObjectType":"Computer"},{"ObjectIdentifier":"S-1-5-21-3327542485-274640656-2609762496-1379","ObjectType":"Computer"},{"ObjectIdentifier":"S-1-5-21-3327542485-274640656-2609762496-1380","ObjectType":"Computer"},{"ObjectIdentifier":"S-1-5-21-3327542485-274640656-2609762496-1381","ObjectType":"Computer"},{"ObjectIdentifier":"S-1-5-21-3327542485-274640656-2609762496-1382","ObjectType":"Computer"},{"ObjectIdentifier":"S-1-5-21-3327542485-274640656-2609762496-1383","ObjectType":"Computer"},{"ObjectIdentifier":"S-1-5-21-3327542485-274640656-2609762496-1384","ObjectType":"Computer"},{"ObjectIdentifier":"S-1-5-21-3327542485-274640656-2609762496-1385","ObjectType":"Computer"},{"ObjectIdentifier":"S-1-5-21-3327542485-274640656-2609762496-1386","ObjectType":"Computer"},{"ObjectIdentifier":"S-1-5-21-3327542485-274640656-2609762496-1387","ObjectType":"Computer"},{"ObjectIdentifier":"S-1-5-21-3327542485-274640656-2609762496-1104","ObjectType":"Computer"},{"ObjectIdentifier":"S-1-5-21-3327542485-274640656-2609762496-1154","ObjectType":"Computer"},{"ObjectIdentifier":"S-1-5-21-3327542485-274640656-2609762496-1107","ObjectType":"Computer"},{"ObjectIdentifier":"S-1-5-21-3327542485-274640656-2609762496-1156","ObjectType":"Computer"},{"ObjectIdentifier":"S-1-5-21-3327542485-274640656-2609762496-1158","ObjectType":"Computer"},{"ObjectIdentifier":"S-1-5-21-3327542485-274640656-2609762496-1388","ObjectType":"Computer"},{"ObjectIdentifier":"S-1-5-21-3327542485-274640656-2609762496-1389","ObjectType":"Computer"},{"ObjectIdentifier":"S-1-5-21-3327542485-274640656-2609762496-1390","ObjectType":"Computer"},{"ObjectIdentifier":"S-1-5-21-3327542485-274640656-2609762496-1391","ObjectType":"Computer"},{"ObjectIdentifier":"S-1-5-21-3327542485-274640656-2609762496-1392","ObjectType":"Computer"},{"ObjectIdentifier":"S-1-5-21-3327542485-274640656-2609762496-1393","ObjectType":"Computer"},{"ObjectIdentifier":"S-1-5-21-3327542485-274640656-2609762496-1394","ObjectType":"Computer"},{"ObjectIdentifier":"S-1-5-21-3327542485-274640656-2609762496-1395","ObjectType":"Computer"},{"ObjectIdentifier":"S-1-5-21-3327542485-274640656-2609762496-1396","ObjectType":"Computer"},{"ObjectIdentifier":"S-1-5-21-3327542485-274640656-2609762496-1397","ObjectType":"Computer"},{"ObjectIdentifier":"S-1-5-21-3327542485-274640656-2609762496-1398","ObjectType":"Computer"},{"ObjectIdentifier":"S-1-5-21-3327542485-274640656-2609762496-1399","ObjectType":"Computer"},{"ObjectIdentifier":"S-1-5-21-3327542485-274640656-2609762496-1400","ObjectType":"Computer"},{"ObjectIdentifier":"S-1-5-21-3327542485-274640656-2609762496-1401","ObjectType":"Computer"},{"ObjectIdentifier":"S-1-5-21-3327542485-274640656-2609762496-1402","ObjectType":"Computer"},{"ObjectIdentifier":"S-1-5-21-3327542485-274640656-2609762496-1403","ObjectType":"Computer"},{"ObjectIdentifier":"S-1-5-21-3327542485-274640656-2609762496-1404","ObjectType":"Computer"},{"ObjectIdentifier":"S-1-5-21-3327542485-274640656-2609762496-1405","ObjectType":"Computer"},{"ObjectIdentifier":"S-1-5-21-3327542485-274640656-2609762496-1406","ObjectType":"Computer"},{"ObjectIdentifier":"S-1-5-21-3327542485-274640656-2609762496-1407","ObjectType":"Computer"},{"ObjectIdentifier":"S-1-5-21-3327542485-274640656-2609762496-1408","ObjectType":"Computer"},{"ObjectIdentifier":"S-1-5-21-3327542485-274640656-2609762496-1409","ObjectType":"Computer"},{"ObjectIdentifier":"S-1-5-21-3327542485-274640656-2609762496-1410","ObjectType":"Computer"},{"ObjectIdentifier":"S-1-5-21-3327542485-274640656-2609762496-1411","ObjectType":"Computer"},{"ObjectIdentifier":"S-1-5-21-3327542485-274640656-2609762496-1412","ObjectType":"Computer"},{"ObjectIdentifier":"S-1-5-21-3327542485-274640656-2609762496-1413","ObjectType":"Computer"},{"ObjectIdentifier":"S-1-5-21-3327542485-274640656-2609762496-1414","ObjectType":"Computer"},{"ObjectIdentifier":"S-1-5-21-3327542485-274640656-2609762496-1415","ObjectType":"Computer"},{"ObjectIdentifier":"S-1-5-21-3327542485-274640656-2609762496-1416","ObjectType":"Computer"},{"ObjectIdentifier":"S-1-5-21-3327542485-274640656-2609762496-1417","ObjectType":"Computer"},{"ObjectIdentifier":"S-1-5-21-3327542485-274640656-2609762496-1418","ObjectType":"Computer"},{"ObjectIdentifier":"S-1-5-21-3327542485-274640656-2609762496-1118","ObjectType":"Computer"},{"ObjectIdentifier":"S-1-5-21-3327542485-274640656-2609762496-1119","ObjectType":"Computer"},{"ObjectIdentifier":"S-1-5-21-3327542485-274640656-2609762496-1120","ObjectType":"Computer"},{"ObjectIdentifier":"S-1-5-21-3327542485-274640656-2609762496-1121","ObjectType":"Computer"},{"ObjectIdentifier":"S-1-5-21-3327542485-274640656-2609762496-1122","ObjectType":"Computer"},{"ObjectIdentifier":"S-1-5-21-3327542485-274640656-2609762496-1123","ObjectType":"Computer"},{"ObjectIdentifier":"S-1-5-21-3327542485-274640656-2609762496-1124","ObjectType":"Computer"},{"ObjectIdentifier":"S-1-5-21-3327542485-274640656-2609762496-1125","ObjectType":"Computer"},{"ObjectIdentifier":"S-1-5-21-3327542485-274640656-2609762496-1126","ObjectType":"Computer"},{"ObjectIdentifier":"S-1-5-21-3327542485-274640656-2609762496-1127","ObjectType":"Computer"},{"ObjectIdentifier":"S-1-5-21-3327542485-274640656-2609762496-1128","ObjectType":"Computer"},{"ObjectIdentifier":"S-1-5-21-3327542485-274640656-2609762496-1129","ObjectType":"Computer"},{"ObjectIdentifier":"S-1-5-21-3327542485-274640656-2609762496-1130","ObjectType":"Computer"},{"ObjectIdentifier":"S-1-5-21-3327542485-274640656-2609762496-1131","ObjectType":"Computer"},{"ObjectIdentifier":"S-1-5-21-3327542485-274640656-2609762496-1132","ObjectType":"Computer"},{"ObjectIdentifier":"S-1-5-21-3327542485-274640656-2609762496-1133","ObjectType":"Computer"},{"ObjectIdentifier":"S-1-5-21-3327542485-274640656-2609762496-1134","ObjectType":"Computer"},{"ObjectIdentifier":"S-1-5-21-3327542485-274640656-2609762496-1419","ObjectType":"Computer"},{"ObjectIdentifier":"S-1-5-21-3327542485-274640656-2609762496-1420","ObjectType":"Computer"},{"ObjectIdentifier":"S-1-5-21-3327542485-274640656-2609762496-1421","ObjectType":"Computer"},{"ObjectIdentifier":"S-1-5-21-3327542485-274640656-2609762496-1422","ObjectType":"Computer"},{"ObjectIdentifier":"S-1-5-21-3327542485-274640656-2609762496-1423","ObjectType":"Computer"},{"ObjectIdentifier":"S-1-5-21-3327542485-274640656-2609762496-1424","ObjectType":"Computer"},{"ObjectIdentifier":"S-1-5-21-3327542485-274640656-2609762496-1425","ObjectType":"Computer"},{"ObjectIdentifier":"S-1-5-21-3327542485-274640656-2609762496-1426","ObjectType":"Computer"},{"ObjectIdentifier":"S-1-5-21-3327542485-274640656-2609762496-1427","ObjectType":"Computer"},{"ObjectIdentifier":"S-1-5-21-3327542485-274640656-2609762496-1428","ObjectType":"Computer"},{"ObjectIdentifier":"S-1-5-21-3327542485-274640656-2609762496-1429","ObjectType":"Computer"},{"ObjectIdentifier":"S-1-5-21-3327542485-274640656-2609762496-1430","ObjectType":"Computer"},{"ObjectIdentifier":"S-1-5-21-3327542485-274640656-2609762496-1431","ObjectType":"Computer"},{"ObjectIdentifier":"S-1-5-21-3327542485-274640656-2609762496-1432","ObjectType":"Computer"},{"ObjectIdentifier":"S-1-5-21-3327542485-274640656-2609762496-1433","ObjectType":"Computer"},{"ObjectIdentifier":"S-1-5-21-3327542485-274640656-2609762496-1434","ObjectType":"Computer"},{"ObjectIdentifier":"S-1-5-21-3327542485-274640656-2609762496-1435","ObjectType":"Computer"},{"ObjectIdentifier":"S-1-5-21-3327542485-274640656-2609762496-1436","ObjectType":"Computer"},{"ObjectIdentifier":"S-1-5-21-3327542485-274640656-2609762496-1437","ObjectType":"Computer"},{"ObjectIdentifier":"S-1-5-21-3327542485-274640656-2609762496-1438","ObjectType":"Computer"},{"ObjectIdentifier":"S-1-5-21-3327542485-274640656-2609762496-1439","ObjectType":"Computer"},{"ObjectIdentifier":"S-1-5-21-3327542485-274640656-2609762496-1440","ObjectType":"Computer"},{"ObjectIdentifier":"S-1-5-21-3327542485-274640656-2609762496-1441","ObjectType":"Computer"},{"ObjectIdentifier":"S-1-5-21-3327542485-274640656-2609762496-1442","ObjectType":"Computer"},{"ObjectIdentifier":"S-1-5-21-3327542485-274640656-2609762496-1443","ObjectType":"Computer"},{"ObjectIdentifier":"S-1-5-21-3327542485-274640656-2609762496-1444","ObjectType":"Computer"},{"ObjectIdentifier":"S-1-5-21-3327542485-274640656-2609762496-1445","ObjectType":"Computer"},{"ObjectIdentifier":"S-1-5-21-3327542485-274640656-2609762496-1446","ObjectType":"Computer"},{"ObjectIdentifier":"S-1-5-21-3327542485-274640656-2609762496-1447","ObjectType":"Computer"},{"ObjectIdentifier":"S-1-5-21-3327542485-274640656-2609762496-1448","ObjectType":"Computer"},{"ObjectIdentifier":"S-1-5-21-3327542485-274640656-2609762496-1449","ObjectType":"Computer"},{"ObjectIdentifier":"S-1-5-21-3327542485-274640656-2609762496-1450","ObjectType":"Computer"},{"ObjectIdentifier":"S-1-5-21-3327542485-274640656-2609762496-1451","ObjectType":"Computer"},{"ObjectIdentifier":"S-1-5-21-3327542485-274640656-2609762496-1452","ObjectType":"Computer"},{"ObjectIdentifier":"S-1-5-21-3327542485-274640656-2609762496-1453","ObjectType":"Computer"},{"ObjectIdentifier":"S-1-5-21-3327542485-274640656-2609762496-1454","ObjectType":"Computer"},{"ObjectIdentifier":"S-1-5-21-3327542485-274640656-2609762496-1455","ObjectType":"Computer"},{"ObjectIdentifier":"S-1-5-21-3327542485-274640656-2609762496-1456","ObjectType":"Computer"},{"ObjectIdentifier":"S-1-5-21-3327542485-274640656-2609762496-1457","ObjectType":"Computer"},{"ObjectIdentifier":"S-1-5-21-3327542485-274640656-2609762496-1458","ObjectType":"Computer"},{"ObjectIdentifier":"S-1-5-21-3327542485-274640656-2609762496-1459","ObjectType":"Computer"},{"ObjectIdentifier":"S-1-5-21-3327542485-274640656-2609762496-1460","ObjectType":"Computer"},{"ObjectIdentifier":"S-1-5-21-3327542485-274640656-2609762496-1461","ObjectType":"Computer"},{"ObjectIdentifier":"S-1-5-21-3327542485-274640656-2609762496-1462","ObjectType":"Computer"},{"ObjectIdentifier":"S-1-5-21-3327542485-274640656-2609762496-1463","ObjectType":"Computer"},{"ObjectIdentifier":"S-1-5-21-3327542485-274640656-2609762496-1178","ObjectType":"Computer"},{"ObjectIdentifier":"S-1-5-21-3327542485-274640656-2609762496-1189","ObjectType":"Computer"},{"ObjectIdentifier":"S-1-5-21-3327542485-274640656-2609762496-1190","ObjectType":"Computer"},{"ObjectIdentifier":"S-1-5-21-3327542485-274640656-2609762496-1191","ObjectType":"Computer"},{"ObjectIdentifier":"S-1-5-21-3327542485-274640656-2609762496-1192","ObjectType":"Computer"},{"ObjectIdentifier":"S-1-5-21-3327542485-274640656-2609762496-1193","ObjectType":"Computer"},{"ObjectIdentifier":"S-1-5-21-3327542485-274640656-2609762496-1194","ObjectType":"Computer"},{"ObjectIdentifier":"S-1-5-21-3327542485-274640656-2609762496-1195","ObjectType":"Computer"},{"ObjectIdentifier":"S-1-5-21-3327542485-274640656-2609762496-1196","ObjectType":"Computer"},{"ObjectIdentifier":"S-1-5-21-3327542485-274640656-2609762496-1197","ObjectType":"Computer"},{"ObjectIdentifier":"S-1-5-21-3327542485-274640656-2609762496-1198","ObjectType":"Computer"},{"ObjectIdentifier":"S-1-5-21-3327542485-274640656-2609762496-1199","ObjectType":"Computer"},{"ObjectIdentifier":"S-1-5-21-3327542485-274640656-2609762496-1200","ObjectType":"Computer"},{"ObjectIdentifier":"S-1-5-21-3327542485-274640656-2609762496-1201","ObjectType":"Computer"},{"ObjectIdentifier":"S-1-5-21-3327542485-274640656-2609762496-1202","ObjectType":"Computer"},{"ObjectIdentifier":"S-1-5-21-3327542485-274640656-2609762496-1203","ObjectType":"Computer"},{"ObjectIdentifier":"S-1-5-21-3327542485-274640656-2609762496-1204","ObjectType":"Computer"},{"ObjectIdentifier":"S-1-5-21-3327542485-274640656-2609762496-1205","ObjectType":"Computer"},{"ObjectIdentifier":"S-1-5-21-3327542485-274640656-2609762496-1206","ObjectType":"Computer"},{"ObjectIdentifier":"S-1-5-21-3327542485-274640656-2609762496-1207","ObjectType":"Computer"},{"ObjectIdentifier":"S-1-5-21-3327542485-274640656-2609762496-1208","ObjectType":"Computer"},{"ObjectIdentifier":"S-1-5-21-3327542485-274640656-2609762496-1209","ObjectType":"Computer"},{"ObjectIdentifier":"S-1-5-21-3327542485-274640656-2609762496-1210","ObjectType":"Computer"},{"ObjectIdentifier":"S-1-5-21-3327542485-274640656-2609762496-1211","ObjectType":"Computer"},{"ObjectIdentifier":"S-1-5-21-3327542485-274640656-2609762496-1212","ObjectType":"Computer"},{"ObjectIdentifier":"S-1-5-21-3327542485-274640656-2609762496-1213","ObjectType":"Computer"},{"ObjectIdentifier":"S-1-5-21-3327542485-274640656-2609762496-1214","ObjectType":"Computer"},{"ObjectIdentifier":"S-1-5-21-3327542485-274640656-2609762496-1215","ObjectType":"Computer"},{"ObjectIdentifier":"S-1-5-21-3327542485-274640656-2609762496-1216","ObjectType":"Computer"},{"ObjectIdentifier":"S-1-5-21-3327542485-274640656-2609762496-1217","ObjectType":"Computer"},{"ObjectIdentifier":"S-1-5-21-3327542485-274640656-2609762496-1218","ObjectType":"Computer"},{"ObjectIdentifier":"S-1-5-21-3327542485-274640656-2609762496-1219","ObjectType":"Computer"},{"ObjectIdentifier":"S-1-5-21-3327542485-274640656-2609762496-1220","ObjectType":"Computer"},{"ObjectIdentifier":"S-1-5-21-3327542485-274640656-2609762496-1221","ObjectType":"Computer"},{"ObjectIdentifier":"S-1-5-21-3327542485-274640656-2609762496-1222","ObjectType":"Computer"},{"ObjectIdentifier":"S-1-5-21-3327542485-274640656-2609762496-1223","ObjectType":"Computer"},{"ObjectIdentifier":"S-1-5-21-3327542485-274640656-2609762496-1224","ObjectType":"Computer"},{"ObjectIdentifier":"S-1-5-21-3327542485-274640656-2609762496-1225","ObjectType":"Computer"},{"ObjectIdentifier":"S-1-5-21-3327542485-274640656-2609762496-1226","ObjectType":"Computer"},{"ObjectIdentifier":"S-1-5-21-3327542485-274640656-2609762496-1227","ObjectType":"Computer"},{"ObjectIdentifier":"S-1-5-21-3327542485-274640656-2609762496-1228","ObjectType":"Computer"},{"ObjectIdentifier":"S-1-5-21-3327542485-274640656-2609762496-1229","ObjectType":"Computer"},{"ObjectIdentifier":"S-1-5-21-3327542485-274640656-2609762496-1230","ObjectType":"Computer"},{"ObjectIdentifier":"S-1-5-21-3327542485-274640656-2609762496-1231","ObjectType":"Computer"},{"ObjectIdentifier":"S-1-5-21-3327542485-274640656-2609762496-1232","ObjectType":"Computer"},{"ObjectIdentifier":"S-1-5-21-3327542485-274640656-2609762496-1233","ObjectType":"Computer"},{"ObjectIdentifier":"S-1-5-21-3327542485-274640656-2609762496-1234","ObjectType":"Computer"},{"ObjectIdentifier":"S-1-5-21-3327542485-274640656-2609762496-1235","ObjectType":"Computer"},{"ObjectIdentifier":"S-1-5-21-3327542485-274640656-2609762496-1236","ObjectType":"Computer"},{"ObjectIdentifier":"S-1-5-21-3327542485-274640656-2609762496-1237","ObjectType":"Computer"},{"ObjectIdentifier":"S-1-5-21-3327542485-274640656-2609762496-1238","ObjectType":"Computer"},{"ObjectIdentifier":"S-1-5-21-3327542485-274640656-2609762496-1239","ObjectType":"Computer"},{"ObjectIdentifier":"S-1-5-21-3327542485-274640656-2609762496-1240","ObjectType":"Computer"},{"ObjectIdentifier":"S-1-5-21-3327542485-274640656-2609762496-1241","ObjectType":"Computer"},{"ObjectIdentifier":"S-1-5-21-3327542485-274640656-2609762496-1242","ObjectType":"Computer"},{"ObjectIdentifier":"S-1-5-21-3327542485-274640656-2609762496-1243","ObjectType":"Computer"},{"ObjectIdentifier":"S-1-5-21-3327542485-274640656-2609762496-1244","ObjectType":"Computer"},{"ObjectIdentifier":"S-1-5-21-3327542485-274640656-2609762496-1245","ObjectType":"Computer"},{"ObjectIdentifier":"S-1-5-21-3327542485-274640656-2609762496-1246","ObjectType":"Computer"},{"ObjectIdentifier":"S-1-5-21-3327542485-274640656-2609762496-1247","ObjectType":"Computer"},{"ObjectIdentifier":"S-1-5-21-3327542485-274640656-2609762496-1248","ObjectType":"Computer"},{"ObjectIdentifier":"S-1-5-21-3327542485-274640656-2609762496-1249","ObjectType":"Computer"},{"ObjectIdentifier":"S-1-5-21-3327542485-274640656-2609762496-1250","ObjectType":"Computer"},{"ObjectIdentifier":"S-1-5-21-3327542485-274640656-2609762496-1251","ObjectType":"Computer"},{"ObjectIdentifier":"S-1-5-21-3327542485-274640656-2609762496-1252","ObjectType":"Computer"},{"ObjectIdentifier":"S-1-5-21-3327542485-274640656-2609762496-1253","ObjectType":"Computer"},{"ObjectIdentifier":"S-1-5-21-3327542485-274640656-2609762496-1254","ObjectType":"Computer"},{"ObjectIdentifier":"S-1-5-21-3327542485-274640656-2609762496-1255","ObjectType":"Computer"},{"ObjectIdentifier":"S-1-5-21-3327542485-274640656-2609762496-1256","ObjectType":"Computer"},{"ObjectIdentifier":"S-1-5-21-3327542485-274640656-2609762496-1257","ObjectType":"Computer"},{"ObjectIdentifier":"S-1-5-21-3327542485-274640656-2609762496-1258","ObjectType":"Computer"},{"ObjectIdentifier":"S-1-5-21-3327542485-274640656-2609762496-1259","ObjectType":"Computer"},{"ObjectIdentifier":"S-1-5-21-3327542485-274640656-2609762496-1260","ObjectType":"Computer"},{"ObjectIdentifier":"S-1-5-21-3327542485-274640656-2609762496-1261","ObjectType":"Computer"},{"ObjectIdentifier":"S-1-5-21-3327542485-274640656-2609762496-1262","ObjectType":"Computer"},{"ObjectIdentifier":"S-1-5-21-3327542485-274640656-2609762496-1263","ObjectType":"Computer"},{"ObjectIdentifier":"S-1-5-21-3327542485-274640656-2609762496-1264","ObjectType":"Computer"},{"ObjectIdentifier":"S-1-5-21-3327542485-274640656-2609762496-1265","ObjectType":"Computer"},{"ObjectIdentifier":"S-1-5-21-3327542485-274640656-2609762496-1266","ObjectType":"Computer"},{"ObjectIdentifier":"S-1-5-21-3327542485-274640656-2609762496-1267","ObjectType":"Computer"},{"ObjectIdentifier":"S-1-5-21-3327542485-274640656-2609762496-1268","ObjectType":"Computer"},{"ObjectIdentifier":"S-1-5-21-3327542485-274640656-2609762496-1269","ObjectType":"Computer"},{"ObjectIdentifier":"S-1-5-21-3327542485-274640656-2609762496-1270","ObjectType":"Computer"},{"ObjectIdentifier":"S-1-5-21-3327542485-274640656-2609762496-1271","ObjectType":"Computer"},{"ObjectIdentifier":"S-1-5-21-3327542485-274640656-2609762496-1272","ObjectType":"Computer"},{"ObjectIdentifier":"S-1-5-21-3327542485-274640656-2609762496-1273","ObjectType":"Computer"},{"ObjectIdentifier":"S-1-5-21-3327542485-274640656-2609762496-1274","ObjectType":"Computer"},{"ObjectIdentifier":"S-1-5-21-3327542485-274640656-2609762496-1275","ObjectType":"Computer"},{"ObjectIdentifier":"S-1-5-21-3327542485-274640656-2609762496-1276","ObjectType":"Computer"},{"ObjectIdentifier":"S-1-5-21-3327542485-274640656-2609762496-1277","ObjectType":"Computer"},{"ObjectIdentifier":"S-1-5-21-3327542485-274640656-2609762496-1278","ObjectType":"Computer"},{"ObjectIdentifier":"S-1-5-21-3327542485-274640656-2609762496-1279","ObjectType":"Computer"},{"ObjectIdentifier":"S-1-5-21-3327542485-274640656-2609762496-1280","ObjectType":"Computer"},{"ObjectIdentifier":"S-1-5-21-3327542485-274640656-2609762496-1281","ObjectType":"Computer"},{"ObjectIdentifier":"S-1-5-21-3327542485-274640656-2609762496-1282","ObjectType":"Computer"},{"ObjectIdentifier":"S-1-5-21-3327542485-274640656-2609762496-1283","ObjectType":"Computer"},{"ObjectIdentifier":"S-1-5-21-3327542485-274640656-2609762496-1284","ObjectType":"Computer"},{"ObjectIdentifier":"S-1-5-21-3327542485-274640656-2609762496-1285","ObjectType":"Computer"},{"ObjectIdentifier":"S-1-5-21-3327542485-274640656-2609762496-1286","ObjectType":"Computer"},{"ObjectIdentifier":"S-1-5-21-3327542485-274640656-2609762496-1287","ObjectType":"Computer"},{"ObjectIdentifier":"S-1-5-21-3327542485-274640656-2609762496-1288","ObjectType":"Computer"},{"ObjectIdentifier":"S-1-5-21-3327542485-274640656-2609762496-1289","ObjectType":"Computer"},{"ObjectIdentifier":"S-1-5-21-3327542485-274640656-2609762496-1290","ObjectType":"Computer"},{"ObjectIdentifier":"S-1-5-21-3327542485-274640656-2609762496-1291","ObjectType":"Computer"},{"ObjectIdentifier":"S-1-5-21-3327542485-274640656-2609762496-1292","ObjectType":"Computer"},{"ObjectIdentifier":"S-1-5-21-3327542485-274640656-2609762496-1293","ObjectType":"Computer"},{"ObjectIdentifier":"S-1-5-21-3327542485-274640656-2609762496-1294","ObjectType":"Computer"},{"ObjectIdentifier":"S-1-5-21-3327542485-274640656-2609762496-1295","ObjectType":"Computer"},{"ObjectIdentifier":"S-1-5-21-3327542485-274640656-2609762496-1296","ObjectType":"Computer"},{"ObjectIdentifier":"S-1-5-21-3327542485-274640656-2609762496-1297","ObjectType":"Computer"},{"ObjectIdentifier":"S-1-5-21-3327542485-274640656-2609762496-1298","ObjectType":"Computer"},{"ObjectIdentifier":"S-1-5-21-3327542485-274640656-2609762496-1299","ObjectType":"Computer"},{"ObjectIdentifier":"S-1-5-21-3327542485-274640656-2609762496-1300","ObjectType":"Computer"},{"ObjectIdentifier":"S-1-5-21-3327542485-274640656-2609762496-1301","ObjectType":"Computer"},{"ObjectIdentifier":"S-1-5-21-3327542485-274640656-2609762496-1302","ObjectType":"Computer"},{"ObjectIdentifier":"S-1-5-21-3327542485-274640656-2609762496-1105","ObjectType":"Computer"},{"ObjectIdentifier":"S-1-5-21-3327542485-274640656-2609762496-4614","ObjectType":"Computer"},{"ObjectIdentifier":"S-1-5-21-3327542485-274640656-2609762496-1109","ObjectType":"Computer"},{"ObjectIdentifier":"S-1-5-21-3327542485-274640656-2609762496-1110","ObjectType":"Computer"},{"ObjectIdentifier":"S-1-5-21-3327542485-274640656-2609762496-1111","ObjectType":"Computer"},{"ObjectIdentifier":"S-1-5-21-3327542485-274640656-2609762496-1112","ObjectType":"Computer"},{"ObjectIdentifier":"S-1-5-21-3327542485-274640656-2609762496-1113","ObjectType":"Computer"},{"ObjectIdentifier":"S-1-5-21-3327542485-274640656-2609762496-1114","ObjectType":"Computer"},{"ObjectIdentifier":"S-1-5-21-3327542485-274640656-2609762496-1115","ObjectType":"Computer"},{"ObjectIdentifier":"S-1-5-21-3327542485-274640656-2609762496-1116","ObjectType":"Computer"},{"ObjectIdentifier":"S-1-5-21-3327542485-274640656-2609762496-1117","ObjectType":"Computer"},{"ObjectIdentifier":"S-1-5-21-3327542485-274640656-2609762496-1155","ObjectType":"Computer"},{"ObjectIdentifier":"S-1-5-21-3327542485-274640656-2609762496-1179","ObjectType":"Computer"},{"ObjectIdentifier":"S-1-5-21-3327542485-274640656-2609762496-1181","ObjectType":"Computer"},{"ObjectIdentifier":"S-1-5-21-3327542485-274640656-2609762496-1182","ObjectType":"Computer"},{"ObjectIdentifier":"S-1-5-21-3327542485-274640656-2609762496-1183","ObjectType":"Computer"},{"ObjectIdentifier":"S-1-5-21-3327542485-274640656-2609762496-1184","ObjectType":"Computer"},{"ObjectIdentifier":"S-1-5-21-3327542485-274640656-2609762496-1185","ObjectType":"Computer"},{"ObjectIdentifier":"S-1-5-21-3327542485-274640656-2609762496-1186","ObjectType":"Computer"},{"ObjectIdentifier":"S-1-5-21-3327542485-274640656-2609762496-1187","ObjectType":"Computer"},{"ObjectIdentifier":"S-1-5-21-3327542485-274640656-2609762496-1188","ObjectType":"Computer"},{"ObjectIdentifier":"S-1-5-21-3327542485-274640656-2609762496-1565","ObjectType":"Computer"},{"ObjectIdentifier":"S-1-5-21-3327542485-274640656-2609762496-1566","ObjectType":"Computer"},{"ObjectIdentifier":"S-1-5-21-3327542485-274640656-2609762496-1567","ObjectType":"Computer"},{"ObjectIdentifier":"S-1-5-21-3327542485-274640656-2609762496-1568","ObjectType":"Computer"},{"ObjectIdentifier":"S-1-5-21-3327542485-274640656-2609762496-1569","ObjectType":"Computer"},{"ObjectIdentifier":"S-1-5-21-3327542485-274640656-2609762496-1570","ObjectType":"Computer"},{"ObjectIdentifier":"S-1-5-21-3327542485-274640656-2609762496-1571","ObjectType":"Computer"},{"ObjectIdentifier":"S-1-5-21-3327542485-274640656-2609762496-1572","ObjectType":"Computer"},{"ObjectIdentifier":"S-1-5-21-3327542485-274640656-2609762496-1573","ObjectType":"Computer"},{"ObjectIdentifier":"S-1-5-21-3327542485-274640656-2609762496-1574","ObjectType":"Computer"},{"ObjectIdentifier":"S-1-5-21-3327542485-274640656-2609762496-1575","ObjectType":"Computer"},{"ObjectIdentifier":"S-1-5-21-3327542485-274640656-2609762496-1576","ObjectType":"Computer"},{"ObjectIdentifier":"S-1-5-21-3327542485-274640656-2609762496-1577","ObjectType":"Computer"},{"ObjectIdentifier":"S-1-5-21-3327542485-274640656-2609762496-1578","ObjectType":"Computer"},{"ObjectIdentifier":"S-1-5-21-3327542485-274640656-2609762496-1579","ObjectType":"Computer"},{"ObjectIdentifier":"S-1-5-21-3327542485-274640656-2609762496-1175","ObjectType":"Computer"},{"ObjectIdentifier":"S-1-5-21-3327542485-274640656-2609762496-1157","ObjectType":"Computer"},{"ObjectIdentifier":"S-1-5-21-3327542485-274640656-2609762496-1580","ObjectType":"Computer"},{"ObjectIdentifier":"S-1-5-21-3327542485-274640656-2609762496-1581","ObjectType":"Computer"},{"ObjectIdentifier":"S-1-5-21-3327542485-274640656-2609762496-1582","ObjectType":"Computer"},{"ObjectIdentifier":"S-1-5-21-3327542485-274640656-2609762496-1583","ObjectType":"Computer"},{"ObjectIdentifier":"S-1-5-21-3327542485-274640656-2609762496-1584","ObjectType":"Computer"},{"ObjectIdentifier":"S-1-5-21-3327542485-274640656-2609762496-1585","ObjectType":"Computer"},{"ObjectIdentifier":"S-1-5-21-3327542485-274640656-2609762496-1586","ObjectType":"Computer"},{"ObjectIdentifier":"S-1-5-21-3327542485-274640656-2609762496-1108","ObjectType":"Computer"},{"ObjectIdentifier":"S-1-5-21-3327542485-274640656-2609762496-1166","ObjectType":"Computer"},{"ObjectIdentifier":"S-1-5-21-3327542485-274640656-2609762496-1165","ObjectType":"Computer"},{"ObjectIdentifier":"S-1-5-21-3327542485-274640656-2609762496-1168","ObjectType":"Computer"},{"ObjectIdentifier":"S-1-5-21-3327542485-274640656-2609762496-1169","ObjectType":"Computer"},{"ObjectIdentifier":"S-1-5-21-3327542485-274640656-2609762496-1170","ObjectType":"Computer"},{"ObjectIdentifier":"S-1-5-21-3327542485-274640656-2609762496-1171","ObjectType":"Computer"},{"ObjectIdentifier":"S-1-5-21-3327542485-274640656-2609762496-1172","ObjectType":"Computer"},{"ObjectIdentifier":"S-1-5-21-3327542485-274640656-2609762496-1173","ObjectType":"Computer"},{"ObjectIdentifier":"S-1-5-21-3327542485-274640656-2609762496-1174","ObjectType":"Computer"},{"ObjectIdentifier":"S-1-5-21-3327542485-274640656-2609762496-1167","ObjectType":"Computer"},{"ObjectIdentifier":"S-1-5-21-3327542485-274640656-2609762496-1164","ObjectType":"Computer"},{"ObjectIdentifier":"S-1-5-21-3327542485-274640656-2609762496-1103","ObjectType":"Computer"},{"ObjectIdentifier":"S-1-5-21-3327542485-274640656-2609762496-1177","ObjectType":"Computer"},{"ObjectIdentifier":"S-1-5-21-3327542485-274640656-2609762496-1303","ObjectType":"Computer"},{"ObjectIdentifier":"S-1-5-21-3327542485-274640656-2609762496-1312","ObjectType":"Computer"},{"ObjectIdentifier":"S-1-5-21-3327542485-274640656-2609762496-1313","ObjectType":"Computer"},{"ObjectIdentifier":"S-1-5-21-3327542485-274640656-2609762496-1314","ObjectType":"Computer"},{"ObjectIdentifier":"S-1-5-21-3327542485-274640656-2609762496-1315","ObjectType":"Computer"},{"ObjectIdentifier":"S-1-5-21-3327542485-274640656-2609762496-1316","ObjectType":"Computer"},{"ObjectIdentifier":"S-1-5-21-3327542485-274640656-2609762496-1317","ObjectType":"Computer"},{"ObjectIdentifier":"S-1-5-21-3327542485-274640656-2609762496-1318","ObjectType":"Computer"},{"ObjectIdentifier":"S-1-5-21-3327542485-274640656-2609762496-1319","ObjectType":"Computer"},{"ObjectIdentifier":"S-1-5-21-3327542485-274640656-2609762496-1320","ObjectType":"Computer"},{"ObjectIdentifier":"S-1-5-21-3327542485-274640656-2609762496-1321","ObjectType":"Computer"},{"ObjectIdentifier":"S-1-5-21-3327542485-274640656-2609762496-1304","ObjectType":"Computer"},{"ObjectIdentifier":"S-1-5-21-3327542485-274640656-2609762496-1322","ObjectType":"Computer"},{"ObjectIdentifier":"S-1-5-21-3327542485-274640656-2609762496-1323","ObjectType":"Computer"},{"ObjectIdentifier":"S-1-5-21-3327542485-274640656-2609762496-1324","ObjectType":"Computer"},{"ObjectIdentifier":"S-1-5-21-3327542485-274640656-2609762496-1325","ObjectType":"Computer"},{"ObjectIdentifier":"S-1-5-21-3327542485-274640656-2609762496-1326","ObjectType":"Computer"},{"ObjectIdentifier":"S-1-5-21-3327542485-274640656-2609762496-1327","ObjectType":"Computer"},{"ObjectIdentifier":"S-1-5-21-3327542485-274640656-2609762496-1328","ObjectType":"Computer"},{"ObjectIdentifier":"S-1-5-21-3327542485-274640656-2609762496-1329","ObjectType":"Computer"},{"ObjectIdentifier":"S-1-5-21-3327542485-274640656-2609762496-1330","ObjectType":"Computer"},{"ObjectIdentifier":"S-1-5-21-3327542485-274640656-2609762496-1331","ObjectType":"Computer"},{"ObjectIdentifier":"S-1-5-21-3327542485-274640656-2609762496-1305","ObjectType":"Computer"},{"ObjectIdentifier":"S-1-5-21-3327542485-274640656-2609762496-1332","ObjectType":"Computer"},{"ObjectIdentifier":"S-1-5-21-3327542485-274640656-2609762496-1333","ObjectType":"Computer"},{"ObjectIdentifier":"S-1-5-21-3327542485-274640656-2609762496-1334","ObjectType":"Computer"},{"ObjectIdentifier":"S-1-5-21-3327542485-274640656-2609762496-1335","ObjectType":"Computer"},{"ObjectIdentifier":"S-1-5-21-3327542485-274640656-2609762496-1336","ObjectType":"Computer"},{"ObjectIdentifier":"S-1-5-21-3327542485-274640656-2609762496-1337","ObjectType":"Computer"},{"ObjectIdentifier":"S-1-5-21-3327542485-274640656-2609762496-1338","ObjectType":"Computer"},{"ObjectIdentifier":"S-1-5-21-3327542485-274640656-2609762496-1339","ObjectType":"Computer"},{"ObjectIdentifier":"S-1-5-21-3327542485-274640656-2609762496-1340","ObjectType":"Computer"},{"ObjectIdentifier":"S-1-5-21-3327542485-274640656-2609762496-1341","ObjectType":"Computer"},{"ObjectIdentifier":"S-1-5-21-3327542485-274640656-2609762496-1306","ObjectType":"Computer"},{"ObjectIdentifier":"S-1-5-21-3327542485-274640656-2609762496-1342","ObjectType":"Computer"},{"ObjectIdentifier":"S-1-5-21-3327542485-274640656-2609762496-1343","ObjectType":"Computer"},{"ObjectIdentifier":"S-1-5-21-3327542485-274640656-2609762496-1344","ObjectType":"Computer"},{"ObjectIdentifier":"S-1-5-21-3327542485-274640656-2609762496-1345","ObjectType":"Computer"},{"ObjectIdentifier":"S-1-5-21-3327542485-274640656-2609762496-1346","ObjectType":"Computer"},{"ObjectIdentifier":"S-1-5-21-3327542485-274640656-2609762496-1347","ObjectType":"Computer"},{"ObjectIdentifier":"S-1-5-21-3327542485-274640656-2609762496-1348","ObjectType":"Computer"},{"ObjectIdentifier":"S-1-5-21-3327542485-274640656-2609762496-1349","ObjectType":"Computer"},{"ObjectIdentifier":"S-1-5-21-3327542485-274640656-2609762496-1350","ObjectType":"Computer"},{"ObjectIdentifier":"S-1-5-21-3327542485-274640656-2609762496-1351","ObjectType":"Computer"},{"ObjectIdentifier":"S-1-5-21-3327542485-274640656-2609762496-1307","ObjectType":"Computer"},{"ObjectIdentifier":"S-1-5-21-3327542485-274640656-2609762496-1352","ObjectType":"Computer"},{"ObjectIdentifier":"S-1-5-21-3327542485-274640656-2609762496-1353","ObjectType":"Computer"},{"ObjectIdentifier":"S-1-5-21-3327542485-274640656-2609762496-1354","ObjectType":"Computer"},{"ObjectIdentifier":"S-1-5-21-3327542485-274640656-2609762496-1355","ObjectType":"Computer"},{"ObjectIdentifier":"S-1-5-21-3327542485-274640656-2609762496-1308","ObjectType":"Computer"},{"ObjectIdentifier":"S-1-5-21-3327542485-274640656-2609762496-1309","ObjectType":"Computer"},{"ObjectIdentifier":"S-1-5-21-3327542485-274640656-2609762496-1310","ObjectType":"Computer"},{"ObjectIdentifier":"S-1-5-21-3327542485-274640656-2609762496-1311","ObjectType":"Computer"},{"ObjectIdentifier":"S-1-5-21-3327542485-274640656-2609762496-1592","ObjectType":"Computer"},{"ObjectIdentifier":"S-1-5-21-3327542485-274640656-2609762496-1593","ObjectType":"Computer"},{"ObjectIdentifier":"S-1-5-21-3327542485-274640656-2609762496-1594","ObjectType":"Computer"},{"ObjectIdentifier":"S-1-5-21-3327542485-274640656-2609762496-1595","ObjectType":"Computer"},{"ObjectIdentifier":"S-1-5-21-3327542485-274640656-2609762496-1596","ObjectType":"Computer"},{"ObjectIdentifier":"S-1-5-21-3327542485-274640656-2609762496-1597","ObjectType":"Computer"},{"ObjectIdentifier":"S-1-5-21-3327542485-274640656-2609762496-1598","ObjectType":"Computer"},{"ObjectIdentifier":"S-1-5-21-3327542485-274640656-2609762496-1599","ObjectType":"Computer"},{"ObjectIdentifier":"S-1-5-21-3327542485-274640656-2609762496-1600","ObjectType":"Computer"},{"ObjectIdentifier":"S-1-5-21-3327542485-274640656-2609762496-1601","ObjectType":"Computer"},{"ObjectIdentifier":"S-1-5-21-3327542485-274640656-2609762496-1602","ObjectType":"Computer"},{"ObjectIdentifier":"S-1-5-21-3327542485-274640656-2609762496-1603","ObjectType":"Computer"},{"ObjectIdentifier":"S-1-5-21-3327542485-274640656-2609762496-1533","ObjectType":"Computer"},{"ObjectIdentifier":"S-1-5-21-3327542485-274640656-2609762496-1534","ObjectType":"Computer"},{"ObjectIdentifier":"S-1-5-21-3327542485-274640656-2609762496-1535","ObjectType":"Computer"},{"ObjectIdentifier":"S-1-5-21-3327542485-274640656-2609762496-1536","ObjectType":"Computer"},{"ObjectIdentifier":"S-1-5-21-3327542485-274640656-2609762496-1537","ObjectType":"Computer"},{"ObjectIdentifier":"S-1-5-21-3327542485-274640656-2609762496-1538","ObjectType":"Computer"},{"ObjectIdentifier":"S-1-5-21-3327542485-274640656-2609762496-1539","ObjectType":"Computer"},{"ObjectIdentifier":"S-1-5-21-3327542485-274640656-2609762496-1540","ObjectType":"Computer"},{"ObjectIdentifier":"S-1-5-21-3327542485-274640656-2609762496-1541","ObjectType":"Computer"},{"ObjectIdentifier":"S-1-5-21-3327542485-274640656-2609762496-1542","ObjectType":"Computer"},{"ObjectIdentifier":"S-1-5-21-3327542485-274640656-2609762496-1543","ObjectType":"Computer"},{"ObjectIdentifier":"S-1-5-21-3327542485-274640656-2609762496-1544","ObjectType":"Computer"},{"ObjectIdentifier":"S-1-5-21-3327542485-274640656-2609762496-1545","ObjectType":"Computer"},{"ObjectIdentifier":"S-1-5-21-3327542485-274640656-2609762496-1546","ObjectType":"Computer"},{"ObjectIdentifier":"S-1-5-21-3327542485-274640656-2609762496-1547","ObjectType":"Computer"},{"ObjectIdentifier":"S-1-5-21-3327542485-274640656-2609762496-1548","ObjectType":"Computer"},{"ObjectIdentifier":"S-1-5-21-3327542485-274640656-2609762496-1549","ObjectType":"Computer"},{"ObjectIdentifier":"S-1-5-21-3327542485-274640656-2609762496-1550","ObjectType":"Computer"},{"ObjectIdentifier":"S-1-5-21-3327542485-274640656-2609762496-1551","ObjectType":"Computer"},{"ObjectIdentifier":"S-1-5-21-3327542485-274640656-2609762496-1552","ObjectType":"Computer"},{"ObjectIdentifier":"S-1-5-21-3327542485-274640656-2609762496-1553","ObjectType":"Computer"},{"ObjectIdentifier":"S-1-5-21-3327542485-274640656-2609762496-1554","ObjectType":"Computer"},{"ObjectIdentifier":"S-1-5-21-3327542485-274640656-2609762496-1555","ObjectType":"Computer"},{"ObjectIdentifier":"S-1-5-21-3327542485-274640656-2609762496-1556","ObjectType":"Computer"},{"ObjectIdentifier":"S-1-5-21-3327542485-274640656-2609762496-1557","ObjectType":"Computer"},{"ObjectIdentifier":"S-1-5-21-3327542485-274640656-2609762496-1558","ObjectType":"Computer"},{"ObjectIdentifier":"S-1-5-21-3327542485-274640656-2609762496-1559","ObjectType":"Computer"},{"ObjectIdentifier":"S-1-5-21-3327542485-274640656-2609762496-1560","ObjectType":"Computer"},{"ObjectIdentifier":"S-1-5-21-3327542485-274640656-2609762496-1561","ObjectType":"Computer"},{"ObjectIdentifier":"S-1-5-21-3327542485-274640656-2609762496-1562","ObjectType":"Computer"},{"ObjectIdentifier":"S-1-5-21-3327542485-274640656-2609762496-1563","ObjectType":"Computer"},{"ObjectIdentifier":"S-1-5-21-3327542485-274640656-2609762496-1564","ObjectType":"Computer"},{"ObjectIdentifier":"S-1-5-21-3327542485-274640656-2609762496-1532","ObjectType":"Computer"},{"ObjectIdentifier":"S-1-5-21-3327542485-274640656-2609762496-4615","ObjectType":"Computer"},{"ObjectIdentifier":"S-1-5-21-3327542485-274640656-2609762496-1587","ObjectType":"Computer"},{"ObjectIdentifier":"S-1-5-21-3327542485-274640656-2609762496-1588","ObjectType":"Computer"},{"ObjectIdentifier":"S-1-5-21-3327542485-274640656-2609762496-1589","ObjectType":"Computer"},{"ObjectIdentifier":"S-1-5-21-3327542485-274640656-2609762496-1590","ObjectType":"Computer"},{"ObjectIdentifier":"S-1-5-21-3327542485-274640656-2609762496-1591","ObjectType":"Computer"}],"Aces":[{"PrincipalSID":"S-1-5-21-3327542485-274640656-2609762496-512","PrincipalType":"Group","RightName":"Owns","IsInherited":false},{"PrincipalSID":"S-1-5-21-3327542485-274640656-2609762496-512","PrincipalType":"Group","RightName":"WriteDacl","IsInherited":false},{"PrincipalSID":"S-1-5-21-3327542485-274640656-2609762496-512","PrincipalType":"Group","RightName":"WriteOwner","IsInherited":false},{"PrincipalSID":"S-1-5-21-3327542485-274640656-2609762496-519","PrincipalType":"Group","RightName":"GenericAll","IsInherited":true},{"PrincipalSID":"INLANEFREIGHT.LOCAL-S-1-5-32-544","PrincipalType":"Group","RightName":"WriteDacl","IsInherited":true},{"PrincipalSID":"INLANEFREIGHT.LOCAL-S-1-5-32-544","PrincipalType":"Group","RightName":"WriteOwner","IsInherited":true}],"ObjectIdentifier":"C8D5A531-EC5C-4838-8C59-0A38E7DDBD6A","IsDeleted":false,"IsACLProtected":false}],"meta":{"methods":29675,"type":"containers","count":21,"version":5}}